delta,eta,rho,ecr_plateau,scenario,policy,model
1.0,1.1666666666666665,0.001,0.0,300,no_abatement,JUSTICE_A2_morris_traceable
1.0,1.1666666666666665,0.02033333333333333,0.0,301,no_abatement,JUSTICE_A2_morris_traceable
2.0,1.1666666666666665,0.02033333333333333,0.0,302,no_abatement,JUSTICE_A2_morris_traceable
2.0,0.5,0.02033333333333333,0.0,303,no_abatement,JUSTICE_A2_morris_traceable
0.5,0.8333333333333334,0.02033333333333333,0.0,304,no_abatement,JUSTICE_A2_morris_traceable
1.5,0.8333333333333334,0.02033333333333333,0.0,305,no_abatement,JUSTICE_A2_morris_traceable
1.5,0.8333333333333334,0.001,0.0,306,no_abatement,JUSTICE_A2_morris_traceable
1.5,1.5,0.001,0.0,307,no_abatement,JUSTICE_A2_morris_traceable
1.0,0.5,0.02033333333333333,0.0,308,no_abatement,JUSTICE_A2_morris_traceable
2.0,0.5,0.02033333333333333,0.0,309,no_abatement,JUSTICE_A2_morris_traceable
2.0,0.5,0.001,0.0,310,no_abatement,JUSTICE_A2_morris_traceable
2.0,1.1666666666666665,0.001,0.0,311,no_abatement,JUSTICE_A2_morris_traceable
2.0,1.1666666666666665,0.02033333333333333,0.0,312,no_abatement,JUSTICE_A2_morris_traceable
2.0,0.5,0.02033333333333333,0.0,313,no_abatement,JUSTICE_A2_morris_traceable
1.0,0.5,0.02033333333333333,0.0,314,no_abatement,JUSTICE_A2_morris_traceable
1.0,0.5,0.001,0.0,315,no_abatement,JUSTICE_A2_morris_traceable
2.0,0.8333333333333334,0.03,0.0,316,no_abatement,JUSTICE_A2_morris_traceable
1.0,0.8333333333333334,0.03,0.0,317,no_abatement,JUSTICE_A2_morris_traceable
1.0,0.8333333333333334,0.010666666666666668,0.0,318,no_abatement,JUSTICE_A2_morris_traceable
1.0,1.5,0.010666666666666668,0.0,319,no_abatement,JUSTICE_A2_morris_traceable
0.5,0.5,0.010666666666666668,0.0,320,no_abatement,JUSTICE_A2_morris_traceable
0.5,1.1666666666666665,0.010666666666666668,0.0,321,no_abatement,JUSTICE_A2_morris_traceable
1.5,1.1666666666666665,0.010666666666666668,0.0,322,no_abatement,JUSTICE_A2_morris_traceable
1.5,1.1666666666666665,0.03,0.0,323,no_abatement,JUSTICE_A2_morris_traceable
1.0,0.5,0.010666666666666668,0.0,324,no_abatement,JUSTICE_A2_morris_traceable
2.0,0.5,0.010666666666666668,0.0,325,no_abatement,JUSTICE_A2_morris_traceable
2.0,0.5,0.03,0.0,326,no_abatement,JUSTICE_A2_morris_traceable
2.0,1.1666666666666665,0.03,0.0,327,no_abatement,JUSTICE_A2_morris_traceable
0.5,1.5,0.03,0.0,328,no_abatement,JUSTICE_A2_morris_traceable
0.5,1.5,0.010666666666666668,0.0,329,no_abatement,JUSTICE_A2_morris_traceable
1.5,1.5,0.010666666666666668,0.0,330,no_abatement,JUSTICE_A2_morris_traceable
1.5,0.8333333333333334,0.010666666666666668,0.0,331,no_abatement,JUSTICE_A2_morris_traceable
1.5,1.5,0.03,0.0,332,no_abatement,JUSTICE_A2_morris_traceable
1.5,0.8333333333333334,0.03,0.0,333,no_abatement,JUSTICE_A2_morris_traceable
1.5,0.8333333333333334,0.010666666666666668,0.0,334,no_abatement,JUSTICE_A2_morris_traceable
0.5,0.8333333333333334,0.010666666666666668,0.0,335,no_abatement,JUSTICE_A2_morris_traceable
2.0,1.1666666666666665,0.010666666666666668,0.0,336,no_abatement,JUSTICE_A2_morris_traceable
2.0,1.1666666666666665,0.03,0.0,337,no_abatement,JUSTICE_A2_morris_traceable
2.0,0.5,0.03,0.0,338,no_abatement,JUSTICE_A2_morris_traceable
1.0,0.5,0.03,0.0,339,no_abatement,JUSTICE_A2_morris_traceable
1.0,0.8333333333333334,0.001,0.0,340,no_abatement,JUSTICE_A2_morris_traceable
1.0,1.5,0.001,0.0,341,no_abatement,JUSTICE_A2_morris_traceable
1.0,1.5,0.02033333333333333,0.0,342,no_abatement,JUSTICE_A2_morris_traceable
2.0,1.5,0.02033333333333333,0.0,343,no_abatement,JUSTICE_A2_morris_traceable
1.0,0.5,0.010666666666666668,0.0,344,no_abatement,JUSTICE_A2_morris_traceable
1.0,1.1666666666666665,0.010666666666666668,0.0,345,no_abatement,JUSTICE_A2_morris_traceable
2.0,1.1666666666666665,0.010666666666666668,0.0,346,no_abatement,JUSTICE_A2_morris_traceable
2.0,1.1666666666666665,0.03,0.0,347,no_abatement,JUSTICE_A2_morris_traceable
1.0,1.1666666666666665,0.001,0.0,348,no_abatement,JUSTICE_A2_morris_traceable
1.0,1.1666666666666665,0.02033333333333333,0.0,349,no_abatement,JUSTICE_A2_morris_traceable
2.0,1.1666666666666665,0.02033333333333333,0.0,350,no_abatement,JUSTICE_A2_morris_traceable
2.0,0.5,0.02033333333333333,0.0,351,no_abatement,JUSTICE_A2_morris_traceable
2.0,0.8333333333333334,0.010666666666666668,0.0,352,no_abatement,JUSTICE_A2_morris_traceable
1.0,0.8333333333333334,0.010666666666666668,0.0,353,no_abatement,JUSTICE_A2_morris_traceable
1.0,0.8333333333333334,0.03,0.0,354,no_abatement,JUSTICE_A2_morris_traceable
1.0,1.5,0.03,0.0,355,no_abatement,JUSTICE_A2_morris_traceable
1.0,0.8333333333333334,0.03,0.0,356,no_abatement,JUSTICE_A2_morris_traceable
2.0,0.8333333333333334,0.03,0.0,357,no_abatement,JUSTICE_A2_morris_traceable
2.0,1.5,0.03,0.0,358,no_abatement,JUSTICE_A2_morris_traceable
2.0,1.5,0.010666666666666668,0.0,359,no_abatement,JUSTICE_A2_morris_traceable
2.0,1.1666666666666665,0.001,0.0,360,no_abatement,JUSTICE_A2_morris_traceable
1.0,1.1666666666666665,0.001,0.0,361,no_abatement,JUSTICE_A2_morris_traceable
1.0,1.1666666666666665,0.02033333333333333,0.0,362,no_abatement,JUSTICE_A2_morris_traceable
1.0,0.5,0.02033333333333333,0.0,363,no_abatement,JUSTICE_A2_morris_traceable
2.0,0.8333333333333334,0.010666666666666668,0.0,364,no_abatement,JUSTICE_A2_morris_traceable
1.0,0.8333333333333334,0.010666666666666668,0.0,365,no_abatement,JUSTICE_A2_morris_traceable
1.0,1.5,0.010666666666666668,0.0,366,no_abatement,JUSTICE_A2_morris_traceable
1.0,1.5,0.03,0.0,367,no_abatement,JUSTICE_A2_morris_traceable
2.0,1.5,0.03,0.0,368,no_abatement,JUSTICE_A2_morris_traceable
1.0,1.5,0.03,0.0,369,no_abatement,JUSTICE_A2_morris_traceable
1.0,0.8333333333333334,0.03,0.0,370,no_abatement,JUSTICE_A2_morris_traceable
1.0,0.8333333333333334,0.010666666666666668,0.0,371,no_abatement,JUSTICE_A2_morris_traceable
1.5,1.5,0.001,0.0,372,no_abatement,JUSTICE_A2_morris_traceable
1.5,1.5,0.02033333333333333,0.0,373,no_abatement,JUSTICE_A2_morris_traceable
1.5,0.8333333333333334,0.02033333333333333,0.0,374,no_abatement,JUSTICE_A2_morris_traceable
0.5,0.8333333333333334,0.02033333333333333,0.0,375,no_abatement,JUSTICE_A2_morris_traceable
0.5,0.5,0.010666666666666668,0.0,376,no_abatement,JUSTICE_A2_morris_traceable
0.5,1.1666666666666665,0.010666666666666668,0.0,377,no_abatement,JUSTICE_A2_morris_traceable
1.5,1.1666666666666665,0.010666666666666668,0.0,378,no_abatement,JUSTICE_A2_morris_traceable
1.5,1.1666666666666665,0.03,0.0,379,no_abatement,JUSTICE_A2_morris_traceable
0.5,0.8333333333333334,0.03,0.0,380,no_abatement,JUSTICE_A2_morris_traceable
0.5,1.5,0.03,0.0,381,no_abatement,JUSTICE_A2_morris_traceable
0.5,1.5,0.010666666666666668,0.0,382,no_abatement,JUSTICE_A2_morris_traceable
1.5,1.5,0.010666666666666668,0.0,383,no_abatement,JUSTICE_A2_morris_traceable
1.5,0.8333333333333334,0.010666666666666668,0.0,384,no_abatement,JUSTICE_A2_morris_traceable
0.5,0.8333333333333334,0.010666666666666668,0.0,385,no_abatement,JUSTICE_A2_morris_traceable
0.5,1.5,0.010666666666666668,0.0,386,no_abatement,JUSTICE_A2_morris_traceable
0.5,1.5,0.03,0.0,387,no_abatement,JUSTICE_A2_morris_traceable
0.5,1.5,0.010666666666666668,0.0,388,no_abatement,JUSTICE_A2_morris_traceable
0.5,0.8333333333333334,0.010666666666666668,0.0,389,no_abatement,JUSTICE_A2_morris_traceable
0.5,0.8333333333333334,0.03,0.0,390,no_abatement,JUSTICE_A2_morris_traceable
1.5,0.8333333333333334,0.03,0.0,391,no_abatement,JUSTICE_A2_morris_traceable
1.5,0.5,0.010666666666666668,0.0,392,no_abatement,JUSTICE_A2_morris_traceable
1.5,0.5,0.03,0.0,393,no_abatement,JUSTICE_A2_morris_traceable
0.5,0.5,0.03,0.0,394,no_abatement,JUSTICE_A2_morris_traceable
0.5,1.1666666666666665,0.03,0.0,395,no_abatement,JUSTICE_A2_morris_traceable
2.0,0.5,0.010666666666666668,0.0,396,no_abatement,JUSTICE_A2_morris_traceable
1.0,0.5,0.010666666666666668,0.0,397,no_abatement,JUSTICE_A2_morris_traceable
1.0,1.1666666666666665,0.010666666666666668,0.0,398,no_abatement,JUSTICE_A2_morris_traceable
1.0,1.1666666666666665,0.03,0.0,399,no_abatement,JUSTICE_A2_morris_traceable
1.0,1.5,0.001,0.0,400,no_abatement,JUSTICE_A2_morris_traceable
1.0,0.8333333333333334,0.001,0.0,401,no_abatement,JUSTICE_A2_morris_traceable
2.0,0.8333333333333334,0.001,0.0,402,no_abatement,JUSTICE_A2_morris_traceable
2.0,0.8333333333333334,0.02033333333333333,0.0,403,no_abatement,JUSTICE_A2_morris_traceable
2.0,0.8333333333333334,0.02033333333333333,0.0,404,no_abatement,JUSTICE_A2_morris_traceable
1.0,0.8333333333333334,0.02033333333333333,0.0,405,no_abatement,JUSTICE_A2_morris_traceable
1.0,1.5,0.02033333333333333,0.0,406,no_abatement,JUSTICE_A2_morris_traceable
1.0,1.5,0.001,0.0,407,no_abatement,JUSTICE_A2_morris_traceable
1.5,1.5,0.010666666666666668,0.0,408,no_abatement,JUSTICE_A2_morris_traceable
0.5,1.5,0.010666666666666668,0.0,409,no_abatement,JUSTICE_A2_morris_traceable
0.5,1.5,0.03,0.0,410,no_abatement,JUSTICE_A2_morris_traceable
0.5,0.8333333333333334,0.03,0.0,411,no_abatement,JUSTICE_A2_morris_traceable
0.5,1.1666666666666665,0.001,0.0,412,no_abatement,JUSTICE_A2_morris_traceable
1.5,1.1666666666666665,0.001,0.0,413,no_abatement,JUSTICE_A2_morris_traceable
1.5,0.5,0.001,0.0,414,no_abatement,JUSTICE_A2_morris_traceable
1.5,0.5,0.02033333333333333,0.0,415,no_abatement,JUSTICE_A2_morris_traceable
0.5,1.5,0.001,0.0,416,no_abatement,JUSTICE_A2_morris_traceable
0.5,0.8333333333333334,0.001,0.0,417,no_abatement,JUSTICE_A2_morris_traceable
0.5,0.8333333333333334,0.02033333333333333,0.0,418,no_abatement,JUSTICE_A2_morris_traceable
1.5,0.8333333333333334,0.02033333333333333,0.0,419,no_abatement,JUSTICE_A2_morris_traceable
2.0,1.1666666666666665,0.03,0.0,420,no_abatement,JUSTICE_A2_morris_traceable
2.0,1.1666666666666665,0.010666666666666668,0.0,421,no_abatement,JUSTICE_A2_morris_traceable
2.0,0.5,0.010666666666666668,0.0,422,no_abatement,JUSTICE_A2_morris_traceable
1.0,0.5,0.010666666666666668,0.0,423,no_abatement,JUSTICE_A2_morris_traceable
1.5,1.1666666666666665,0.02033333333333333,0.0,424,no_abatement,JUSTICE_A2_morris_traceable
0.5,1.1666666666666665,0.02033333333333333,0.0,425,no_abatement,JUSTICE_A2_morris_traceable
0.5,0.5,0.02033333333333333,0.0,426,no_abatement,JUSTICE_A2_morris_traceable
0.5,0.5,0.001,0.0,427,no_abatement,JUSTICE_A2_morris_traceable
2.0,0.8333333333333334,0.03,0.0,428,no_abatement,JUSTICE_A2_morris_traceable
2.0,0.8333333333333334,0.010666666666666668,0.0,429,no_abatement,JUSTICE_A2_morris_traceable
2.0,1.5,0.010666666666666668,0.0,430,no_abatement,JUSTICE_A2_morris_traceable
1.0,1.5,0.010666666666666668,0.0,431,no_abatement,JUSTICE_A2_morris_traceable
0.5,0.8333333333333334,0.02033333333333333,0.0,432,no_abatement,JUSTICE_A2_morris_traceable
0.5,1.5,0.02033333333333333,0.0,433,no_abatement,JUSTICE_A2_morris_traceable
1.5,1.5,0.02033333333333333,0.0,434,no_abatement,JUSTICE_A2_morris_traceable
1.5,1.5,0.001,0.0,435,no_abatement,JUSTICE_A2_morris_traceable
1.0,1.5,0.010666666666666668,0.0,436,no_abatement,JUSTICE_A2_morris_traceable
2.0,1.5,0.010666666666666668,0.0,437,no_abatement,JUSTICE_A2_morris_traceable
2.0,0.8333333333333334,0.010666666666666668,0.0,438,no_abatement,JUSTICE_A2_morris_traceable
2.0,0.8333333333333334,0.03,0.0,439,no_abatement,JUSTICE_A2_morris_traceable
0.5,1.5,0.001,0.0,440,no_abatement,JUSTICE_A2_morris_traceable
1.5,1.5,0.001,0.0,441,no_abatement,JUSTICE_A2_morris_traceable
1.5,0.8333333333333334,0.001,0.0,442,no_abatement,JUSTICE_A2_morris_traceable
1.5,0.8333333333333334,0.02033333333333333,0.0,443,no_abatement,JUSTICE_A2_morris_traceable
1.0,1.5,0.001,0.0,444,no_abatement,JUSTICE_A2_morris_traceable
1.0,0.8333333333333334,0.001,0.0,445,no_abatement,JUSTICE_A2_morris_traceable
2.0,0.8333333333333334,0.001,0.0,446,no_abatement,JUSTICE_A2_morris_traceable
2.0,0.8333333333333334,0.02033333333333333,0.0,447,no_abatement,JUSTICE_A2_morris_traceable
0.5,0.5,0.010666666666666668,0.0,448,no_abatement,JUSTICE_A2_morris_traceable
1.5,0.5,0.010666666666666668,0.0,449,no_abatement,JUSTICE_A2_morris_traceable
1.5,1.1666666666666665,0.010666666666666668,0.0,450,no_abatement,JUSTICE_A2_morris_traceable
1.5,1.1666666666666665,0.03,0.0,451,no_abatement,JUSTICE_A2_morris_traceable
2.0,1.1666666666666665,0.02033333333333333,0.0,452,no_abatement,JUSTICE_A2_morris_traceable
2.0,0.5,0.02033333333333333,0.0,453,no_abatement,JUSTICE_A2_morris_traceable
1.0,0.5,0.02033333333333333,0.0,454,no_abatement,JUSTICE_A2_morris_traceable
1.0,0.5,0.001,0.0,455,no_abatement,JUSTICE_A2_morris_traceable
0.5,1.5,0.02033333333333333,0.0,456,no_abatement,JUSTICE_A2_morris_traceable
0.5,0.8333333333333334,0.02033333333333333,0.0,457,no_abatement,JUSTICE_A2_morris_traceable
0.5,0.8333333333333334,0.001,0.0,458,no_abatement,JUSTICE_A2_morris_traceable
1.5,0.8333333333333334,0.001,0.0,459,no_abatement,JUSTICE_A2_morris_traceable
2.0,0.8333333333333334,0.010666666666666668,0.0,460,no_abatement,JUSTICE_A2_morris_traceable
2.0,1.5,0.010666666666666668,0.0,461,no_abatement,JUSTICE_A2_morris_traceable
1.0,1.5,0.010666666666666668,0.0,462,no_abatement,JUSTICE_A2_morris_traceable
1.0,1.5,0.03,0.0,463,no_abatement,JUSTICE_A2_morris_traceable
1.5,0.8333333333333334,0.03,0.0,464,no_abatement,JUSTICE_A2_morris_traceable
0.5,0.8333333333333334,0.03,0.0,465,no_abatement,JUSTICE_A2_morris_traceable
0.5,1.5,0.03,0.0,466,no_abatement,JUSTICE_A2_morris_traceable
0.5,1.5,0.010666666666666668,0.0,467,no_abatement,JUSTICE_A2_morris_traceable
2.0,1.5,0.02033333333333333,0.0,468,no_abatement,JUSTICE_A2_morris_traceable
1.0,1.5,0.02033333333333333,0.0,469,no_abatement,JUSTICE_A2_morris_traceable
1.0,0.8333333333333334,0.02033333333333333,0.0,470,no_abatement,JUSTICE_A2_morris_traceable
1.0,0.8333333333333334,0.001,0.0,471,no_abatement,JUSTICE_A2_morris_traceable
1.5,1.1666666666666665,0.010666666666666668,0.0,472,no_abatement,JUSTICE_A2_morris_traceable
0.5,1.1666666666666665,0.010666666666666668,0.0,473,no_abatement,JUSTICE_A2_morris_traceable
0.5,0.5,0.010666666666666668,0.0,474,no_abatement,JUSTICE_A2_morris_traceable
0.5,0.5,0.03,0.0,475,no_abatement,JUSTICE_A2_morris_traceable
1.5,0.8333333333333334,0.03,0.0,476,no_abatement,JUSTICE_A2_morris_traceable
1.5,0.8333333333333334,0.010666666666666668,0.0,477,no_abatement,JUSTICE_A2_morris_traceable
1.5,1.5,0.010666666666666668,0.0,478,no_abatement,JUSTICE_A2_morris_traceable
0.5,1.5,0.010666666666666668,0.0,479,no_abatement,JUSTICE_A2_morris_traceable
1.0,1.5,0.02033333333333333,0.0,480,no_abatement,JUSTICE_A2_morris_traceable
1.0,1.5,0.001,0.0,481,no_abatement,JUSTICE_A2_morris_traceable
2.0,1.5,0.001,0.0,482,no_abatement,JUSTICE_A2_morris_traceable
2.0,0.8333333333333334,0.001,0.0,483,no_abatement,JUSTICE_A2_morris_traceable
0.5,1.5,0.001,0.0,484,no_abatement,JUSTICE_A2_morris_traceable
1.5,1.5,0.001,0.0,485,no_abatement,JUSTICE_A2_morris_traceable
1.5,0.8333333333333334,0.001,0.0,486,no_abatement,JUSTICE_A2_morris_traceable
1.5,0.8333333333333334,0.02033333333333333,0.0,487,no_abatement,JUSTICE_A2_morris_traceable
1.5,0.8333333333333334,0.03,0.0,488,no_abatement,JUSTICE_A2_morris_traceable
1.5,1.5,0.03,0.0,489,no_abatement,JUSTICE_A2_morris_traceable
1.5,1.5,0.010666666666666668,0.0,490,no_abatement,JUSTICE_A2_morris_traceable
0.5,1.5,0.010666666666666668,0.0,491,no_abatement,JUSTICE_A2_morris_traceable
1.5,0.5,0.010666666666666668,0.0,492,no_abatement,JUSTICE_A2_morris_traceable
0.5,0.5,0.010666666666666668,0.0,493,no_abatement,JUSTICE_A2_morris_traceable
0.5,1.1666666666666665,0.010666666666666668,0.0,494,no_abatement,JUSTICE_A2_morris_traceable
0.5,1.1666666666666665,0.03,0.0,495,no_abatement,JUSTICE_A2_morris_traceable
0.5,0.8333333333333334,0.001,0.0,496,no_abatement,JUSTICE_A2_morris_traceable
0.5,1.5,0.001,0.0,497,no_abatement,JUSTICE_A2_morris_traceable
0.5,1.5,0.02033333333333333,0.0,498,no_abatement,JUSTICE_A2_morris_traceable
1.5,1.5,0.02033333333333333,0.0,499,no_abatement,JUSTICE_A2_morris_traceable
0.5,1.5,0.001,0.4,700,moderate_abatement,JUSTICE_A2_morris_traceable
1.5,1.5,0.001,0.4,701,moderate_abatement,JUSTICE_A2_morris_traceable
1.5,1.5,0.02033333333333333,0.4,702,moderate_abatement,JUSTICE_A2_morris_traceable
1.5,0.8333333333333334,0.02033333333333333,0.4,703,moderate_abatement,JUSTICE_A2_morris_traceable
0.5,1.1666666666666665,0.03,0.4,704,moderate_abatement,JUSTICE_A2_morris_traceable
0.5,0.5,0.03,0.4,705,moderate_abatement,JUSTICE_A2_morris_traceable
1.5,0.5,0.03,0.4,706,moderate_abatement,JUSTICE_A2_morris_traceable
1.5,0.5,0.010666666666666668,0.4,707,moderate_abatement,JUSTICE_A2_morris_traceable
2.0,0.8333333333333334,0.03,0.4,708,moderate_abatement,JUSTICE_A2_morris_traceable
2.0,0.8333333333333334,0.010666666666666668,0.4,709,moderate_abatement,JUSTICE_A2_morris_traceable
1.0,0.8333333333333334,0.010666666666666668,0.4,710,moderate_abatement,JUSTICE_A2_morris_traceable
1.0,1.5,0.010666666666666668,0.4,711,moderate_abatement,JUSTICE_A2_morris_traceable
1.0,1.5,0.02033333333333333,0.4,712,moderate_abatement,JUSTICE_A2_morris_traceable
2.0,1.5,0.02033333333333333,0.4,713,moderate_abatement,JUSTICE_A2_morris_traceable
2.0,1.5,0.001,0.4,714,moderate_abatement,JUSTICE_A2_morris_traceable
2.0,0.8333333333333334,0.001,0.4,715,moderate_abatement,JUSTICE_A2_morris_traceable
1.5,1.1666666666666665,0.010666666666666668,0.4,716,moderate_abatement,JUSTICE_A2_morris_traceable
0.5,1.1666666666666665,0.010666666666666668,0.4,717,moderate_abatement,JUSTICE_A2_morris_traceable
0.5,0.5,0.010666666666666668,0.4,718,moderate_abatement,JUSTICE_A2_morris_traceable
0.5,0.5,0.03,0.4,719,moderate_abatement,JUSTICE_A2_morris_traceable
1.0,0.5,0.03,0.4,720,moderate_abatement,JUSTICE_A2_morris_traceable
1.0,1.1666666666666665,0.03,0.4,721,moderate_abatement,JUSTICE_A2_morris_traceable
1.0,1.1666666666666665,0.010666666666666668,0.4,722,moderate_abatement,JUSTICE_A2_morris_traceable
2.0,1.1666666666666665,0.010666666666666668,0.4,723,moderate_abatement,JUSTICE_A2_morris_traceable
2.0,1.1666666666666665,0.02033333333333333,0.4,724,moderate_abatement,JUSTICE_A2_morris_traceable
2.0,1.1666666666666665,0.001,0.4,725,moderate_abatement,JUSTICE_A2_morris_traceable
2.0,0.5,0.001,0.4,726,moderate_abatement,JUSTICE_A2_morris_traceable
1.0,0.5,0.001,0.4,727,moderate_abatement,JUSTICE_A2_morris_traceable
0.5,0.8333333333333334,0.010666666666666668,0.4,728,moderate_abatement,JUSTICE_A2_morris_traceable
1.5,0.8333333333333334,0.010666666666666668,0.4,729,moderate_abatement,JUSTICE_A2_morris_traceable
1.5,1.5,0.010666666666666668,0.4,730,moderate_abatement,JUSTICE_A2_morris_traceable
1.5,1.5,0.03,0.4,731,moderate_abatement,JUSTICE_A2_morris_traceable
1.0,1.1666666666666665,0.001,0.4,732,moderate_abatement,JUSTICE_A2_morris_traceable
1.0,0.5,0.001,0.4,733,moderate_abatement,JUSTICE_A2_morris_traceable
2.0,0.5,0.001,0.4,734,moderate_abatement,JUSTICE_A2_morris_traceable
2.0,0.5,0.02033333333333333,0.4,735,moderate_abatement,JUSTICE_A2_morris_traceable
1.0,1.1666666666666665,0.03,0.4,736,moderate_abatement,JUSTICE_A2_morris_traceable
1.0,1.1666666666666665,0.010666666666666668,0.4,737,moderate_abatement,JUSTICE_A2_morris_traceable
1.0,0.5,0.010666666666666668,0.4,738,moderate_abatement,JUSTICE_A2_morris_traceable
2.0,0.5,0.010666666666666668,0.4,739,moderate_abatement,JUSTICE_A2_morris_traceable
0.5,1.5,0.001,0.4,740,moderate_abatement,JUSTICE_A2_morris_traceable
0.5,0.8333333333333334,0.001,0.4,741,moderate_abatement,JUSTICE_A2_morris_traceable
1.5,0.8333333333333334,0.001,0.4,742,moderate_abatement,JUSTICE_A2_morris_traceable
1.5,0.8333333333333334,0.02033333333333333,0.4,743,moderate_abatement,JUSTICE_A2_morris_traceable
2.0,1.5,0.03,0.4,744,moderate_abatement,JUSTICE_A2_morris_traceable
2.0,0.8333333333333334,0.03,0.4,745,moderate_abatement,JUSTICE_A2_morris_traceable
1.0,0.8333333333333334,0.03,0.4,746,moderate_abatement,JUSTICE_A2_morris_traceable
1.0,0.8333333333333334,0.010666666666666668,0.4,747,moderate_abatement,JUSTICE_A2_morris_traceable
1.0,0.8333333333333334,0.03,0.4,748,moderate_abatement,JUSTICE_A2_morris_traceable
2.0,0.8333333333333334,0.03,0.4,749,moderate_abatement,JUSTICE_A2_morris_traceable
2.0,0.8333333333333334,0.010666666666666668,0.4,750,moderate_abatement,JUSTICE_A2_morris_traceable
2.0,1.5,0.010666666666666668,0.4,751,moderate_abatement,JUSTICE_A2_morris_traceable
2.0,0.5,0.010666666666666668,0.4,752,moderate_abatement,JUSTICE_A2_morris_traceable
2.0,1.1666666666666665,0.010666666666666668,0.4,753,moderate_abatement,JUSTICE_A2_morris_traceable
1.0,1.1666666666666665,0.010666666666666668,0.4,754,moderate_abatement,JUSTICE_A2_morris_traceable
1.0,1.1666666666666665,0.03,0.4,755,moderate_abatement,JUSTICE_A2_morris_traceable
0.5,1.1666666666666665,0.001,0.4,756,moderate_abatement,JUSTICE_A2_morris_traceable
0.5,1.1666666666666665,0.02033333333333333,0.4,757,moderate_abatement,JUSTICE_A2_morris_traceable
0.5,0.5,0.02033333333333333,0.4,758,moderate_abatement,JUSTICE_A2_morris_traceable
1.5,0.5,0.02033333333333333,0.4,759,moderate_abatement,JUSTICE_A2_morris_traceable
1.0,1.5,0.010666666666666668,0.4,760,moderate_abatement,JUSTICE_A2_morris_traceable
1.0,1.5,0.03,0.4,761,moderate_abatement,JUSTICE_A2_morris_traceable
1.0,0.8333333333333334,0.03,0.4,762,moderate_abatement,JUSTICE_A2_morris_traceable
2.0,0.8333333333333334,0.03,0.4,763,moderate_abatement,JUSTICE_A2_morris_traceable
1.0,0.8333333333333334,0.010666666666666668,0.4,764,moderate_abatement,JUSTICE_A2_morris_traceable
2.0,0.8333333333333334,0.010666666666666668,0.4,765,moderate_abatement,JUSTICE_A2_morris_traceable
2.0,0.8333333333333334,0.03,0.4,766,moderate_abatement,JUSTICE_A2_morris_traceable
2.0,1.5,0.03,0.4,767,moderate_abatement,JUSTICE_A2_morris_traceable
2.0,0.8333333333333334,0.03,0.4,768,moderate_abatement,JUSTICE_A2_morris_traceable
2.0,1.5,0.03,0.4,769,moderate_abatement,JUSTICE_A2_morris_traceable
1.0,1.5,0.03,0.4,770,moderate_abatement,JUSTICE_A2_morris_traceable
1.0,1.5,0.010666666666666668,0.4,771,moderate_abatement,JUSTICE_A2_morris_traceable
0.5,0.5,0.03,0.4,772,moderate_abatement,JUSTICE_A2_morris_traceable
0.5,1.1666666666666665,0.03,0.4,773,moderate_abatement,JUSTICE_A2_morris_traceable
0.5,1.1666666666666665,0.010666666666666668,0.4,774,moderate_abatement,JUSTICE_A2_morris_traceable
1.5,1.1666666666666665,0.010666666666666668,0.4,775,moderate_abatement,JUSTICE_A2_morris_traceable
1.5,1.1666666666666665,0.02033333333333333,0.4,776,moderate_abatement,JUSTICE_A2_morris_traceable
0.5,1.1666666666666665,0.02033333333333333,0.4,777,moderate_abatement,JUSTICE_A2_morris_traceable
0.5,0.5,0.02033333333333333,0.4,778,moderate_abatement,JUSTICE_A2_morris_traceable
0.5,0.5,0.001,0.4,779,moderate_abatement,JUSTICE_A2_morris_traceable
1.5,1.5,0.001,0.4,780,moderate_abatement,JUSTICE_A2_morris_traceable
1.5,1.5,0.02033333333333333,0.4,781,moderate_abatement,JUSTICE_A2_morris_traceable
1.5,0.8333333333333334,0.02033333333333333,0.4,782,moderate_abatement,JUSTICE_A2_morris_traceable
0.5,0.8333333333333334,0.02033333333333333,0.4,783,moderate_abatement,JUSTICE_A2_morris_traceable
0.5,1.5,0.010666666666666668,0.4,784,moderate_abatement,JUSTICE_A2_morris_traceable
1.5,1.5,0.010666666666666668,0.4,785,moderate_abatement,JUSTICE_A2_morris_traceable
1.5,1.5,0.03,0.4,786,moderate_abatement,JUSTICE_A2_morris_traceable
1.5,0.8333333333333334,0.03,0.4,787,moderate_abatement,JUSTICE_A2_morris_traceable
1.5,0.5,0.010666666666666668,0.4,788,moderate_abatement,JUSTICE_A2_morris_traceable
0.5,0.5,0.010666666666666668,0.4,789,moderate_abatement,JUSTICE_A2_morris_traceable
0.5,1.1666666666666665,0.010666666666666668,0.4,790,moderate_abatement,JUSTICE_A2_morris_traceable
0.5,1.1666666666666665,0.03,0.4,791,moderate_abatement,JUSTICE_A2_morris_traceable
1.5,1.1666666666666665,0.03,0.4,792,moderate_abatement,JUSTICE_A2_morris_traceable
0.5,1.1666666666666665,0.03,0.4,793,moderate_abatement,JUSTICE_A2_morris_traceable
0.5,0.5,0.03,0.4,794,moderate_abatement,JUSTICE_A2_morris_traceable
0.5,0.5,0.010666666666666668,0.4,795,moderate_abatement,JUSTICE_A2_morris_traceable
0.5,1.1666666666666665,0.001,0.4,796,moderate_abatement,JUSTICE_A2_morris_traceable
0.5,0.5,0.001,0.4,797,moderate_abatement,JUSTICE_A2_morris_traceable
0.5,0.5,0.02033333333333333,0.4,798,moderate_abatement,JUSTICE_A2_morris_traceable
1.5,0.5,0.02033333333333333,0.4,799,moderate_abatement,JUSTICE_A2_morris_traceable
1.5,1.5,0.001,0.4,800,moderate_abatement,JUSTICE_A2_morris_traceable
1.5,1.5,0.02033333333333333,0.4,801,moderate_abatement,JUSTICE_A2_morris_traceable
0.5,1.5,0.02033333333333333,0.4,802,moderate_abatement,JUSTICE_A2_morris_traceable
0.5,0.8333333333333334,0.02033333333333333,0.4,803,moderate_abatement,JUSTICE_A2_morris_traceable
2.0,0.5,0.001,0.4,804,moderate_abatement,JUSTICE_A2_morris_traceable
2.0,0.5,0.02033333333333333,0.4,805,moderate_abatement,JUSTICE_A2_morris_traceable
2.0,1.1666666666666665,0.02033333333333333,0.4,806,moderate_abatement,JUSTICE_A2_morris_traceable
1.0,1.1666666666666665,0.02033333333333333,0.4,807,moderate_abatement,JUSTICE_A2_morris_traceable
0.5,1.5,0.02033333333333333,0.4,808,moderate_abatement,JUSTICE_A2_morris_traceable
1.5,1.5,0.02033333333333333,0.4,809,moderate_abatement,JUSTICE_A2_morris_traceable
1.5,1.5,0.001,0.4,810,moderate_abatement,JUSTICE_A2_morris_traceable
1.5,0.8333333333333334,0.001,0.4,811,moderate_abatement,JUSTICE_A2_morris_traceable
2.0,0.8333333333333334,0.02033333333333333,0.4,812,moderate_abatement,JUSTICE_A2_morris_traceable
1.0,0.8333333333333334,0.02033333333333333,0.4,813,moderate_abatement,JUSTICE_A2_morris_traceable
1.0,1.5,0.02033333333333333,0.4,814,moderate_abatement,JUSTICE_A2_morris_traceable
1.0,1.5,0.001,0.4,815,moderate_abatement,JUSTICE_A2_morris_traceable
1.5,0.5,0.03,0.4,816,moderate_abatement,JUSTICE_A2_morris_traceable
1.5,0.5,0.010666666666666668,0.4,817,moderate_abatement,JUSTICE_A2_morris_traceable
1.5,1.1666666666666665,0.010666666666666668,0.4,818,moderate_abatement,JUSTICE_A2_morris_traceable
0.5,1.1666666666666665,0.010666666666666668,0.4,819,moderate_abatement,JUSTICE_A2_morris_traceable
0.5,1.1666666666666665,0.02033333333333333,0.4,820,moderate_abatement,JUSTICE_A2_morris_traceable
0.5,1.1666666666666665,0.001,0.4,821,moderate_abatement,JUSTICE_A2_morris_traceable
0.5,0.5,0.001,0.4,822,moderate_abatement,JUSTICE_A2_morris_traceable
1.5,0.5,0.001,0.4,823,moderate_abatement,JUSTICE_A2_morris_traceable
1.0,1.1666666666666665,0.010666666666666668,0.4,824,moderate_abatement,JUSTICE_A2_morris_traceable
2.0,1.1666666666666665,0.010666666666666668,0.4,825,moderate_abatement,JUSTICE_A2_morris_traceable
2.0,1.1666666666666665,0.03,0.4,826,moderate_abatement,JUSTICE_A2_morris_traceable
2.0,0.5,0.03,0.4,827,moderate_abatement,JUSTICE_A2_morris_traceable
1.0,0.5,0.010666666666666668,0.4,828,moderate_abatement,JUSTICE_A2_morris_traceable
2.0,0.5,0.010666666666666668,0.4,829,moderate_abatement,JUSTICE_A2_morris_traceable
2.0,0.5,0.03,0.4,830,moderate_abatement,JUSTICE_A2_morris_traceable
2.0,1.1666666666666665,0.03,0.4,831,moderate_abatement,JUSTICE_A2_morris_traceable
1.5,0.5,0.001,0.4,832,moderate_abatement,JUSTICE_A2_morris_traceable
0.5,0.5,0.001,0.4,833,moderate_abatement,JUSTICE_A2_morris_traceable
0.5,0.5,0.02033333333333333,0.4,834,moderate_abatement,JUSTICE_A2_morris_traceable
0.5,1.1666666666666665,0.02033333333333333,0.4,835,moderate_abatement,JUSTICE_A2_morris_traceable
1.0,0.5,0.02033333333333333,0.4,836,moderate_abatement,JUSTICE_A2_morris_traceable
2.0,0.5,0.02033333333333333,0.4,837,moderate_abatement,JUSTICE_A2_morris_traceable
2.0,1.1666666666666665,0.02033333333333333,0.4,838,moderate_abatement,JUSTICE_A2_morris_traceable
2.0,1.1666666666666665,0.001,0.4,839,moderate_abatement,JUSTICE_A2_morris_traceable
1.5,1.5,0.001,0.4,840,moderate_abatement,JUSTICE_A2_morris_traceable
1.5,0.8333333333333334,0.001,0.4,841,moderate_abatement,JUSTICE_A2_morris_traceable
1.5,0.8333333333333334,0.02033333333333333,0.4,842,moderate_abatement,JUSTICE_A2_morris_traceable
0.5,0.8333333333333334,0.02033333333333333,0.4,843,moderate_abatement,JUSTICE_A2_morris_traceable
1.5,1.5,0.03,0.4,844,moderate_abatement,JUSTICE_A2_morris_traceable
0.5,1.5,0.03,0.4,845,moderate_abatement,JUSTICE_A2_morris_traceable
0.5,1.5,0.010666666666666668,0.4,846,moderate_abatement,JUSTICE_A2_morris_traceable
0.5,0.8333333333333334,0.010666666666666668,0.4,847,moderate_abatement,JUSTICE_A2_morris_traceable
2.0,1.5,0.001,0.4,848,moderate_abatement,JUSTICE_A2_morris_traceable
1.0,1.5,0.001,0.4,849,moderate_abatement,JUSTICE_A2_morris_traceable
1.0,1.5,0.02033333333333333,0.4,850,moderate_abatement,JUSTICE_A2_morris_traceable
1.0,0.8333333333333334,0.02033333333333333,0.4,851,moderate_abatement,JUSTICE_A2_morris_traceable
0.5,1.5,0.010666666666666668,0.4,852,moderate_abatement,JUSTICE_A2_morris_traceable
0.5,1.5,0.03,0.4,853,moderate_abatement,JUSTICE_A2_morris_traceable
1.5,1.5,0.03,0.4,854,moderate_abatement,JUSTICE_A2_morris_traceable
1.5,0.8333333333333334,0.03,0.4,855,moderate_abatement,JUSTICE_A2_morris_traceable
1.5,0.8333333333333334,0.02033333333333333,0.4,856,moderate_abatement,JUSTICE_A2_morris_traceable
0.5,0.8333333333333334,0.02033333333333333,0.4,857,moderate_abatement,JUSTICE_A2_morris_traceable
0.5,1.5,0.02033333333333333,0.4,858,moderate_abatement,JUSTICE_A2_morris_traceable
0.5,1.5,0.001,0.4,859,moderate_abatement,JUSTICE_A2_morris_traceable
0.5,0.8333333333333334,0.02033333333333333,0.4,860,moderate_abatement,JUSTICE_A2_morris_traceable
0.5,0.8333333333333334,0.001,0.4,861,moderate_abatement,JUSTICE_A2_morris_traceable
0.5,1.5,0.001,0.4,862,moderate_abatement,JUSTICE_A2_morris_traceable
1.5,1.5,0.001,0.4,863,moderate_abatement,JUSTICE_A2_morris_traceable
1.5,1.1666666666666665,0.03,0.4,864,moderate_abatement,JUSTICE_A2_morris_traceable
0.5,1.1666666666666665,0.03,0.4,865,moderate_abatement,JUSTICE_A2_morris_traceable
0.5,1.1666666666666665,0.010666666666666668,0.4,866,moderate_abatement,JUSTICE_A2_morris_traceable
0.5,0.5,0.010666666666666668,0.4,867,moderate_abatement,JUSTICE_A2_morris_traceable
0.5,1.1666666666666665,0.03,0.4,868,moderate_abatement,JUSTICE_A2_morris_traceable
0.5,0.5,0.03,0.4,869,moderate_abatement,JUSTICE_A2_morris_traceable
0.5,0.5,0.010666666666666668,0.4,870,moderate_abatement,JUSTICE_A2_morris_traceable
1.5,0.5,0.010666666666666668,0.4,871,moderate_abatement,JUSTICE_A2_morris_traceable
1.5,1.1666666666666665,0.010666666666666668,0.4,872,moderate_abatement,JUSTICE_A2_morris_traceable
0.5,1.1666666666666665,0.010666666666666668,0.4,873,moderate_abatement,JUSTICE_A2_morris_traceable
0.5,0.5,0.010666666666666668,0.4,874,moderate_abatement,JUSTICE_A2_morris_traceable
0.5,0.5,0.03,0.4,875,moderate_abatement,JUSTICE_A2_morris_traceable
0.5,1.5,0.03,0.4,876,moderate_abatement,JUSTICE_A2_morris_traceable
0.5,1.5,0.010666666666666668,0.4,877,moderate_abatement,JUSTICE_A2_morris_traceable
0.5,0.8333333333333334,0.010666666666666668,0.4,878,moderate_abatement,JUSTICE_A2_morris_traceable
1.5,0.8333333333333334,0.010666666666666668,0.4,879,moderate_abatement,JUSTICE_A2_morris_traceable
1.0,0.5,0.010666666666666668,0.4,880,moderate_abatement,JUSTICE_A2_morris_traceable
1.0,1.1666666666666665,0.010666666666666668,0.4,881,moderate_abatement,JUSTICE_A2_morris_traceable
2.0,1.1666666666666665,0.010666666666666668,0.4,882,moderate_abatement,JUSTICE_A2_morris_traceable
2.0,1.1666666666666665,0.03,0.4,883,moderate_abatement,JUSTICE_A2_morris_traceable
2.0,0.8333333333333334,0.010666666666666668,0.4,884,moderate_abatement,JUSTICE_A2_morris_traceable
1.0,0.8333333333333334,0.010666666666666668,0.4,885,moderate_abatement,JUSTICE_A2_morris_traceable
1.0,1.5,0.010666666666666668,0.4,886,moderate_abatement,JUSTICE_A2_morris_traceable
1.0,1.5,0.03,0.4,887,moderate_abatement,JUSTICE_A2_morris_traceable
1.0,0.8333333333333334,0.03,0.4,888,moderate_abatement,JUSTICE_A2_morris_traceable
1.0,1.5,0.03,0.4,889,moderate_abatement,JUSTICE_A2_morris_traceable
1.0,1.5,0.010666666666666668,0.4,890,moderate_abatement,JUSTICE_A2_morris_traceable
2.0,1.5,0.010666666666666668,0.4,891,moderate_abatement,JUSTICE_A2_morris_traceable
1.0,0.5,0.02033333333333333,0.4,892,moderate_abatement,JUSTICE_A2_morris_traceable
2.0,0.5,0.02033333333333333,0.4,893,moderate_abatement,JUSTICE_A2_morris_traceable
2.0,1.1666666666666665,0.02033333333333333,0.4,894,moderate_abatement,JUSTICE_A2_morris_traceable
2.0,1.1666666666666665,0.001,0.4,895,moderate_abatement,JUSTICE_A2_morris_traceable
1.5,0.5,0.03,0.4,896,moderate_abatement,JUSTICE_A2_morris_traceable
1.5,1.1666666666666665,0.03,0.4,897,moderate_abatement,JUSTICE_A2_morris_traceable
0.5,1.1666666666666665,0.03,0.4,898,moderate_abatement,JUSTICE_A2_morris_traceable
0.5,1.1666666666666665,0.010666666666666668,0.4,899,moderate_abatement,JUSTICE_A2_morris_traceable
