welfare,years_above_temperature_threshold,welfare_loss_damage,welfare_loss_abatement,policy
2235.218112140447,227.0,763.479387054524,197.99321350951612,no_abatement
507.32683245911755,236.0,64.67045542458462,57.2450578437889,no_abatement
744.1925427495449,251.0,574.8397894814502,243.46118748440432,no_abatement
684.4983037063935,254.0,870.7460047524831,1523.30315609365,no_abatement
345.4621149206115,244.0,817.5847565702777,8014.4155927545235,no_abatement
470.48030078170746,229.0,196.48015506842924,29.258276164360364,no_abatement
381.2425837958427,235.0,225.98202028044614,27.245250032239536,no_abatement
121.11479893179248,231.0,1903.578996943284,26360.816884973894,no_abatement
254.33923170942728,240.0,63.58513114628175,31.31674986975784,no_abatement
452.79776888601435,252.0,138.23258733533993,55.22702624818448,no_abatement
303.1965610851108,240.0,781.4496837144734,6074.04320547737,no_abatement
151.3175037042485,234.0,6238.833831163628,163659.73583883545,no_abatement
12220.006063439629,258.0,11870.428094431907,10778.516240235655,no_abatement
400.2986880749696,236.0,58.68497165547073,51.08368936089848,no_abatement
984.8196534785493,231.0,515.6415359254731,52.46206120369156,no_abatement
61.94888500595142,213.0,4952.566115120478,47178.33452963866,no_abatement
1200.8381153464657,259.0,619.9093959734046,95.97119929923906,no_abatement
558.3244065449041,200.0,177.87212093096178,64.16968173249003,no_abatement
241.5867722454534,253.0,37.09190182657293,34.80111285711445,no_abatement
305.06506182479774,227.0,2900.7432926840906,109419.32282413088,no_abatement
4720.797151845157,241.0,4915.71703997977,5323.354141440956,no_abatement
578.8267973962189,249.0,233.91400900372074,68.0446155752376,no_abatement
727.4902498384733,236.0,1174.3365344796625,3842.2669143516687,no_abatement
104.44462649940728,235.0,5700.471627299252,97048.94828617465,no_abatement
1476.7208473819087,255.0,587.9827995435593,137.76459205507234,no_abatement
1731.5730608598064,238.0,771.6644888091298,162.78799187733415,no_abatement
601.0088184845879,247.0,1491.8562631211794,29124.67803475686,no_abatement
157.51876329393843,255.0,908.3541396991141,10123.10562768039,no_abatement
977.1598440265207,243.0,440.0486358827597,86.12714075800542,no_abatement
65.00463758808401,253.0,3129.641654138761,31535.515900888975,no_abatement
1047.7399432269667,211.0,1445.410656175219,3516.5695887420807,no_abatement
1050.7555745562477,239.0,629.1174228393033,78.66336303997291,no_abatement
458.3163999970027,240.0,1200.8051900256828,26539.958264820365,no_abatement
463.28941795579686,254.0,178.7192159784994,38.55653988319531,no_abatement
393.30732818788624,250.0,653.7504303747753,2623.4249883261464,no_abatement
158.2543659045065,239.0,1137.2534204474528,13888.019890233934,no_abatement
2540.589699394292,235.0,2775.3622445906485,3305.8364702839067,no_abatement
675.9833841254988,245.0,410.7788475187791,19.926491781151903,no_abatement
255.78726460124037,254.0,4219.450790617178,177617.0401774982,no_abatement
2681.7144786829567,242.0,2970.6776381924765,3829.239774724555,no_abatement
526.3321395066063,255.0,1097.3852465489892,10368.46657324193,no_abatement
848.6453220201981,245.0,542.6312412182483,6.04626604441342,no_abatement
790.0619253886624,241.0,1055.6819674797941,2139.1675924254096,no_abatement
3037.4031416676703,253.0,1215.267176519188,242.7185846581331,no_abatement
737.7265750343905,241.0,365.3278576437126,13.087815806352438,no_abatement
752.5101136085582,233.0,182.30563034548072,84.01862327710629,no_abatement
542.5128080358058,258.0,326.6994541645885,8.603052068809973,no_abatement
204.12416747657448,231.0,499.88287971335205,1878.781043212743,no_abatement
806.8725468461238,250.0,1021.1823575227905,2002.9997873436332,no_abatement
644.7613204373295,246.0,1323.2530876558505,21052.32887550088,no_abatement
629.8199654152352,253.0,226.15569718109154,75.00729335427832,no_abatement
683.6789057456222,254.0,254.65821489350225,79.66124713531588,no_abatement
118.10868017982835,250.0,982.9713057551121,11073.70810084519,no_abatement
185.85178118972016,249.0,2640.5231440211573,73578.75173126532,no_abatement
164.82977140301216,254.0,616.1767452294871,4445.054160736537,no_abatement
390.9913751323469,245.0,1046.744962226111,15076.350984458266,no_abatement
338.6220100002053,222.0,153.73606290428026,12.552220030539749,no_abatement
628.8666782161629,250.0,129.82931687367108,66.54167093384547,no_abatement
2242.119873848489,249.0,1170.2333642228182,216.5852464503338,no_abatement
797.3590878221382,237.0,1314.1275340272664,5370.124239358349,no_abatement
1073.7129902498616,256.0,1407.9187404241484,4990.563805827238,no_abatement
80.32002596619472,244.0,1588.126161878996,15613.90846345809,no_abatement
529.9774944345305,252.0,118.2095515623439,60.921980939350455,no_abatement
692.078360522878,252.0,207.33196773445343,76.86785531448544,no_abatement
78.92352299125595,251.0,2993.0847685750537,33936.541657248374,no_abatement
1364.3601492705495,255.0,1145.6816059511957,646.6413470287075,no_abatement
986.521242965243,243.0,1634.5092103239117,11672.358573048416,no_abatement
263.3708696142253,247.0,67.038562198376,31.59973243114563,no_abatement
299.1394956853072,252.0,83.75699206349265,40.805058174528234,no_abatement
820.132801535041,229.0,604.6504823397403,215.9319747766406,no_abatement
163.97488824215128,253.0,1325.3635905637336,21544.447545293766,no_abatement
284.06556375874675,242.0,73.73180946059755,39.483305327401226,no_abatement
1540.769621378254,248.0,1284.7494193219409,584.856858973052,no_abatement
1619.4714064312482,256.0,681.2719967385885,157.78059892329182,no_abatement
69.49244466198196,241.0,6266.561073359552,83453.47377957663,no_abatement
4311.129733791662,231.0,4791.203805170044,7383.417163449978,no_abatement
3600.921187397494,234.0,3292.757123675693,2585.509638945716,no_abatement
5366.862916691776,249.0,4836.572748962963,2899.185327802701,no_abatement
262.15832475007613,263.0,79.73457690231055,29.83486684003991,no_abatement
238.76359385173916,249.0,518.5263039736669,1919.7773048034544,no_abatement
655.0773944859164,260.0,1093.2079238831102,9610.122973940113,no_abatement
98.42010134107606,250.0,1439.2150591450375,16960.707159829937,no_abatement
518.1408521210095,220.0,273.2331407292385,49.13608407840422,no_abatement
2051.714016128644,213.0,1843.110201984789,1433.8978994995168,no_abatement
967.7230857758744,231.0,132.1997332218134,90.01257544974925,no_abatement
173.84548104564948,258.0,2222.441017128035,54692.03518680934,no_abatement
684.1335354673104,206.0,1310.2889602643093,11170.448503826236,no_abatement
79.81306160902224,245.0,1424.871287629792,11181.005788097502,no_abatement
379.26382794222746,249.0,67.00328429115554,48.6609657670363,no_abatement
105.77301328721695,255.0,1809.4447933806273,26693.713835334027,no_abatement
1257.4923236520629,247.0,527.8370295578864,130.5428881717474,no_abatement
74.90436544045698,252.0,3407.5279209171786,43066.16767011725,no_abatement
101.73166516171108,223.0,1125.505503372824,10776.5501779894,no_abatement
604.6568162020226,248.0,422.4369956664832,114.23222830407087,no_abatement
59.24635954793921,240.0,6422.0690947211315,66215.0073196648,no_abatement
133.95110430598533,257.0,741.6485870962418,6259.827946436325,no_abatement
454.13348322222015,223.0,761.7208137004084,1722.1327436944907,no_abatement
1670.4630840562577,253.0,1337.7650090893676,259.0942100310343,no_abatement
832.1733749472035,246.0,355.2056524262423,94.60669020835903,no_abatement
106.91526260194541,259.0,858.4217694912561,7628.323900014636,no_abatement
2271.845124036263,204.0,627.7238928668528,71.5394005196717,moderate_abatement
511.1264791407149,214.0,44.231130459424875,23.442403195699498,moderate_abatement
744.7927012069882,238.0,564.9901919617116,524.2816673978705,moderate_abatement
684.1963540733101,242.0,881.9779703045351,881.8252472832975,moderate_abatement
343.93748161120686,226.0,855.5469241346339,1021.5246241448956,moderate_abatement
471.24222631679635,198.0,177.19485607537487,131.34478539912925,moderate_abatement
381.67540333472334,218.0,216.87771313444532,192.47998367225608,moderate_abatement
120.9677709672658,209.0,1952.3133713503942,562.9623550830652,moderate_abatement
254.60363643348,219.0,54.834127581305026,39.362000118665186,moderate_abatement
455.09267619538565,239.0,119.11235864930703,34.1231524343607,moderate_abatement
302.4406591475721,219.0,814.3166126445063,825.6699312576908,moderate_abatement
150.96449792644609,207.0,6457.112683265837,1260.3719812629392,moderate_abatement
12221.290051539327,250.0,11842.275923968278,11665.582979150298,moderate_abatement
401.47936163992523,214.0,45.331823241319725,3.8078150970317326,moderate_abatement
989.2907778382241,200.0,468.791380614383,236.82418415199015,moderate_abatement
61.97235768948251,167.0,4992.0571413546395,311.99547342460176,moderate_abatement
1209.4083102705797,251.0,566.139928695469,184.42029479924827,moderate_abatement
561.1353891201476,154.0,150.95764441940105,46.157301204420165,moderate_abatement
243.1063492150879,242.0,28.02214365767925,5.269218513626801,moderate_abatement
304.7653847128014,200.0,3050.8636689206546,2488.2647611612565,moderate_abatement
4720.765339616002,222.0,4925.770008109889,4904.879877498936,moderate_abatement
584.3969324503286,235.0,207.68670940004125,39.426417187000226,moderate_abatement
727.0310147197468,209.0,1213.7764386985418,1332.940982753277,moderate_abatement
104.40954314813473,217.0,5837.150603209245,682.9630335259648,moderate_abatement
1517.394951519016,245.0,492.0634180579858,60.57602699307092,moderate_abatement
1746.324512783051,216.0,678.0163593940331,101.14177992985626,moderate_abatement
598.6849506414569,227.0,1594.7893150125783,2781.88544525421,moderate_abatement
157.3561748006945,247.0,944.3230582346406,549.632802689708,moderate_abatement
982.5186133403895,226.0,396.3427994956732,138.76191456201258,moderate_abatement
64.93801571542782,240.0,3323.0605500444663,300.2841952136897,moderate_abatement
1047.3193665094536,169.0,1475.16404774552,1634.716783459046,moderate_abatement
1061.2395478779572,223.0,585.6595349190077,194.18138753533634,moderate_abatement
454.81981471307466,219.0,1263.3166619011429,2105.8161605735745,moderate_abatement
464.07112492823654,243.0,163.2201063106851,105.58116177752999,moderate_abatement
392.11011945005424,241.0,668.4075261114266,729.9746941632699,moderate_abatement
158.14999411204892,217.0,1181.3872122710272,612.5829542603967,moderate_abatement
2540.601206671578,220.0,2786.978695143523,2768.720319731924,moderate_abatement
677.6586047871024,225.0,389.5873272168684,282.0690575889495,moderate_abatement
255.09172616175408,240.0,4462.2539589793,2420.590668747579,moderate_abatement
2681.4084794850114,223.0,2990.745126967082,3033.422135454378,moderate_abatement
525.0137097458921,247.0,1145.8037676780716,1610.9355378351934,moderate_abatement
853.4235496877009,231.0,514.2708243833285,293.6248950927989,moderate_abatement
789.6566622627956,223.0,1073.0531088974355,1103.5413622552155,moderate_abatement
3135.3887959140566,239.0,969.8124473207281,132.70068852350965,moderate_abatement
738.573502015368,223.0,342.87132041170213,246.16606084999069,moderate_abatement
757.153541660856,214.0,151.21254783201317,2.7384110643797497,moderate_abatement
543.9140911751102,252.0,314.2524405100605,224.01018797926514,moderate_abatement
204.06640780195409,201.0,518.0552303811502,397.5583663904343,moderate_abatement
806.0779313384114,236.0,1035.0910240599007,1089.3002950608657,moderate_abatement
641.2297842375724,234.0,1383.4918097226828,2548.267617154688,moderate_abatement
640.9592908634768,244.0,191.86013607863148,3.53694705353632,moderate_abatement
692.1447793042155,243.0,218.51004341411465,18.999636691245218,moderate_abatement
117.93220484195278,231.0,1025.325015068362,426.3379405074901,moderate_abatement
184.80996023757342,235.0,2784.11900208513,1239.54949799376,moderate_abatement
164.59721397281658,242.0,642.7172111437062,439.26852225127584,moderate_abatement
389.32585987249274,230.0,1102.8463414508624,1467.0563298324869,moderate_abatement
338.9498921504492,196.0,143.69412415051116,120.09717713052733,moderate_abatement
638.2365237685442,238.0,100.64247302450637,31.47712713295383,moderate_abatement
2287.000472076224,232.0,1023.3969866784023,33.60107109319324,moderate_abatement
796.5867021966919,217.0,1359.1325367222485,1644.1665666408962,moderate_abatement
1068.9786531384088,246.0,1441.7331723663378,1928.432716639243,moderate_abatement
80.23728727175012,227.0,1688.429488578808,318.1211565954487,moderate_abatement
537.695394983193,240.0,92.76819308624191,23.06230181917853,moderate_abatement
705.120457432838,240.0,168.00301565807916,23.947863990968226,moderate_abatement
78.90882699776994,234.0,3103.7043661650746,377.15805686620104,moderate_abatement
1365.227712385961,241.0,1128.4597939094006,1063.852775923262,moderate_abatement
983.31653026532,219.0,1722.4932629294462,2706.485305950592,moderate_abatement
263.5741676650225,230.0,58.71836408266301,42.99135253995073,moderate_abatement
300.7193923619962,241.0,73.09638164158906,17.74848217913281,moderate_abatement
820.8385895114327,207.0,591.1065017179582,535.1172963010647,moderate_abatement
163.7077805819716,236.0,1397.0000822462987,731.4246336029838,moderate_abatement
285.4928951753823,226.0,63.40545168464668,13.051035015615284,moderate_abatement
1543.12469354953,231.0,1261.1219944657796,1099.9403758857009,moderate_abatement
1657.5389480907947,248.0,569.9591239008935,38.891220361946026,moderate_abatement
69.41286163886954,223.0,6662.678883532216,398.4241240591014,moderate_abatement
4307.973183786636,208.0,4842.857723398975,5359.6100887584935,moderate_abatement
3601.164894274084,208.0,3271.4084512568425,3204.9637962905663,moderate_abatement
5371.917957234444,236.0,4781.704756248873,4174.587938904223,moderate_abatement
262.5053253938725,256.0,71.77959157002684,49.321346374107485,moderate_abatement
238.6181653616657,233.0,538.4008473404386,451.3109706483758,moderate_abatement
650.7353748714696,253.0,1135.5645404648535,1828.3271745708057,moderate_abatement
98.25306597714902,233.0,1511.0068537521156,398.8535947829368,moderate_abatement
518.0955549998441,187.0,259.9320347534227,266.58862342346424,moderate_abatement
2051.850132642881,178.0,1830.747131328177,1826.1014143840096,moderate_abatement
975.4580547968038,205.0,91.66970186733958,43.66725574242312,moderate_abatement
173.60750550029505,251.0,2329.3828671725073,1057.2769984205302,moderate_abatement
682.6087542896838,111.0,1383.3596198301143,2039.1709579968187,moderate_abatement
79.85617399138245,227.0,1456.4306720839204,293.0265725338612,moderate_abatement
381.8367351074918,237.0,53.403152636726404,10.729343623643526,moderate_abatement
105.47408738397655,247.0,1872.3353278282116,483.7259586160219,moderate_abatement
1284.0161303013042,231.0,442.0770730076214,10.83049732125784,moderate_abatement
74.87529902958795,243.0,3543.7402431969304,375.7076549965025,moderate_abatement
101.68190211548097,191.0,1176.5864401234758,366.4169026621996,moderate_abatement
605.3912736069102,230.0,409.7338880095827,364.67904192903507,moderate_abatement
59.23866041849937,219.0,6718.2581342444455,317.55931540016815,moderate_abatement
133.8482432324692,249.0,769.4754281020873,406.7651453999652,moderate_abatement
454.21098389840034,198.0,779.710212858252,696.9365963964847,moderate_abatement
1679.2215979022956,242.0,1297.8018739546592,864.4070682365538,moderate_abatement
850.1011237942337,231.0,302.9094493961601,2.8873940938294993,moderate_abatement
106.87565723031712,253.0,891.7360888419046,349.5388828600613,moderate_abatement
