years_above_1p5C,years_above_2C,peak_temp,welfare_loss_damage,policy,success_1p5C_zero_exceedance,success_2C_zero_exceedance
241.0,51.0,2.043217530084229,32190.75391421111,low_abatement,False,False
265.0,249.0,7.659557944495349,3329.493497049931,low_abatement,False,False
266.0,252.0,5.963828914908667,3432.7234221506324,low_abatement,False,False
265.0,241.0,4.415945230372591,256.7961364370172,low_abatement,False,False
265.0,243.0,5.463737980748531,3423953.5437167413,low_abatement,False,False
222.0,59.0,2.0628792229451225,34759.12893272556,low_abatement,False,False
264.0,241.0,4.376277386676184,75142.2232083022,low_abatement,False,False
274.0,257.0,8.233179207425579,8282671.878300865,low_abatement,False,False
257.0,235.0,4.601723201784635,1808.9074390332537,low_abatement,False,False
269.0,239.0,3.5159453982036206,1611.7239695253663,low_abatement,False,False
262.0,0.0,1.8784423416267424,43.055186083767815,low_abatement,False,True
268.0,253.0,6.929789047950088,706.750534636669,low_abatement,False,False
264.0,246.0,4.7015879424661895,58940.79612616832,low_abatement,False,False
271.0,259.0,11.121373685584661,657828.9892691522,low_abatement,False,False
260.0,149.0,2.2098889964620176,13887585.417956885,low_abatement,False,False
267.0,252.0,7.812269069063216,870.5645020382692,low_abatement,False,False
271.0,254.0,3.788064931437251,417.7235125346761,low_abatement,False,False
260.0,240.0,3.951760819138877,29509.67841452247,low_abatement,False,False
276.0,257.0,3.2693749927081863,1027.1864551721337,low_abatement,False,False
271.0,254.0,5.86612138851982,178.2022632891634,low_abatement,False,False
267.0,248.0,5.803666005802514,903.1141918649337,low_abatement,False,False
272.0,259.0,7.865743538222786,660.4505196654296,low_abatement,False,False
264.0,250.0,7.90021381556362,880634894.5689491,low_abatement,False,False
270.0,234.0,2.908570534935493,167450.9096622972,low_abatement,False,False
279.0,264.0,5.886754782740622,229.71421638963423,low_abatement,False,False
266.0,249.0,6.635114640108747,240.6451059615872,low_abatement,False,False
260.0,244.0,5.34714284843621,13606.04690395246,low_abatement,False,False
266.0,244.0,3.9259958402938233,1181.5782234965236,low_abatement,False,False
263.0,241.0,4.800345479135945,188.16169776556086,low_abatement,False,False
252.0,221.0,4.69632796635943,599.086661948345,low_abatement,False,False
265.0,249.0,4.847012162468421,123.71348639643993,low_abatement,False,False
269.0,222.0,2.6171717082661616,1037.8640796032987,low_abatement,False,False
272.0,244.0,4.854305838864141,17096.090012359266,low_abatement,False,False
253.0,116.0,2.0784565702234157,138211439.85713866,low_abatement,False,False
269.0,250.0,5.413692693033479,40381.48282871196,low_abatement,False,False
271.0,258.0,8.794955855209887,8391.534703387046,low_abatement,False,False
258.0,238.0,6.4311169176850935,863.0631906755951,low_abatement,False,False
264.0,243.0,5.185785195598461,239.6815115447992,low_abatement,False,False
272.0,255.0,4.0442538491643925,381.1919652537171,low_abatement,False,False
275.0,257.0,6.2079999862094475,36311071.418721214,low_abatement,False,False
256.0,233.0,5.005326808656989,80572746.98104154,low_abatement,False,False
268.0,248.0,3.968060992876657,1377075956.9799185,low_abatement,False,False
273.0,262.0,9.194464059738257,338.40956978993273,low_abatement,False,False
249.0,199.0,2.5081983939671613,826.5665224891623,low_abatement,False,False
243.0,187.0,2.67602059001375,97.37852010972365,low_abatement,False,False
256.0,187.0,2.428201907373316,121475.29369112165,low_abatement,False,False
257.0,240.0,6.6654556957673465,9869.182454883607,low_abatement,False,False
264.0,222.0,2.920389130484408,2049.1581659975086,low_abatement,False,False
265.0,246.0,4.027820175683029,153.08709280818482,low_abatement,False,False
273.0,254.0,6.502815774369459,79.09078952557341,low_abatement,False,False
257.0,229.0,2.8897816726243493,1253.5700290693603,low_abatement,False,False
256.0,232.0,3.9700589437426466,53129112.54986229,low_abatement,False,False
266.0,242.0,4.56147895475855,1240.6565963165365,low_abatement,False,False
255.0,231.0,3.6394831650632002,821.1241410938688,low_abatement,False,False
271.0,249.0,4.221373425624284,456.17359995430104,low_abatement,False,False
266.0,247.0,5.819598177614307,2450.2347944989037,low_abatement,False,False
272.0,252.0,6.421946773827957,3154.3788835693867,low_abatement,False,False
271.0,250.0,3.1576379524990643,61654654.278882615,low_abatement,False,False
266.0,252.0,7.246358531634167,1255137.366686865,low_abatement,False,False
268.0,243.0,4.052617803889035,340585.59570889967,low_abatement,False,False
274.0,232.0,2.370275051168217,334230.3191248248,low_abatement,False,False
273.0,255.0,6.004242751324208,518463.88154283434,low_abatement,False,False
269.0,252.0,6.165378790137045,495367.303251723,low_abatement,False,False
270.0,257.0,6.7456060865517316,262.86116654816885,low_abatement,False,False
270.0,254.0,3.973234338650896,2093.3148040381016,low_abatement,False,False
269.0,253.0,6.629353815480664,1652083.1091288624,low_abatement,False,False
267.0,247.0,3.3827860819940363,169948991.95586395,low_abatement,False,False
264.0,250.0,6.058254100216576,277906229.81684464,low_abatement,False,False
259.0,232.0,3.666439549828855,2039415.0574628573,low_abatement,False,False
270.0,205.0,2.433552390256983,67.86694602134364,low_abatement,False,False
273.0,253.0,5.527118577226847,266.2010120620422,low_abatement,False,False
270.0,256.0,7.718587013937444,6107.990094265664,low_abatement,False,False
268.0,257.0,9.001614112722734,126.220990098984,low_abatement,False,False
272.0,247.0,4.341355397955493,784.1610253427534,low_abatement,False,False
272.0,257.0,9.962117049864021,260323.86496618742,low_abatement,False,False
270.0,259.0,10.202028279208726,571018.8529007619,low_abatement,False,False
262.0,226.0,3.5165188863497994,739.4668244974773,low_abatement,False,False
263.0,233.0,3.219088148968248,4548767.66398655,low_abatement,False,False
277.0,258.0,5.259399665602193,762.7023846398594,low_abatement,False,False
199.0,0.0,1.7685915657472406,4678.493253729193,low_abatement,False,True
267.0,221.0,2.6885534205979047,2362898.0069268546,low_abatement,False,False
267.0,250.0,5.893003361926639,1955.3657730209422,low_abatement,False,False
274.0,261.0,9.061702931892668,237.58050062270084,low_abatement,False,False
265.0,248.0,5.981642190176942,4168.205467231934,low_abatement,False,False
259.0,244.0,6.50679634153299,21632534.328807544,low_abatement,False,False
267.0,253.0,7.5870347652440175,299.0654751826421,low_abatement,False,False
227.0,0.0,1.6391239468289576,8022.537090303801,low_abatement,False,True
275.0,262.0,10.59239855463596,508424610.6875117,low_abatement,False,False
256.0,207.0,2.7195861997064656,54287.6251796439,low_abatement,False,False
263.0,249.0,6.430290264073357,4148714.3722065412,low_abatement,False,False
264.0,240.0,3.4695956305433904,5123.362386002922,low_abatement,False,False
267.0,242.0,4.424124744755243,1033.7830793637008,low_abatement,False,False
268.0,253.0,9.95194092457887,629998921.953295,low_abatement,False,False
261.0,237.0,4.143699942523804,20819.090653374315,low_abatement,False,False
264.0,242.0,4.996554694858332,1205.389855207272,low_abatement,False,False
267.0,248.0,4.454670854106148,204314.77942460927,low_abatement,False,False
271.0,254.0,7.843583174864203,50989689.65361518,low_abatement,False,False
263.0,248.0,5.864075701497933,27454257.084034298,low_abatement,False,False
264.0,234.0,4.032892718227146,7720484.0597250275,low_abatement,False,False
270.0,250.0,5.219042697573481,765.9840629810492,low_abatement,False,False
255.0,230.0,3.266928048668308,12002.0184283715,low_abatement,False,False
264.0,239.0,3.179351146852901,1995816300.8684452,low_abatement,False,False
265.0,249.0,6.971932643814881,368302140.932735,low_abatement,False,False
262.0,247.0,8.778009803792104,33339752.72199374,low_abatement,False,False
261.0,242.0,4.413030782583924,6910.75114780154,low_abatement,False,False
274.0,258.0,4.558675075690171,1588.0103814434358,low_abatement,False,False
265.0,238.0,3.7200636250582653,3628952.1558822948,low_abatement,False,False
268.0,244.0,3.9895348525420866,30868338.476968974,low_abatement,False,False
267.0,250.0,5.039723189612345,1714.2214471623981,low_abatement,False,False
272.0,261.0,9.009052582645202,761.8553288833401,low_abatement,False,False
274.0,261.0,7.214972221407866,53318890.92657848,low_abatement,False,False
268.0,253.0,8.349759165437,464954.1102645255,low_abatement,False,False
262.0,240.0,4.3573681234462835,599.908660248667,low_abatement,False,False
255.0,232.0,3.373261987781609,1098236976.8171437,low_abatement,False,False
271.0,241.0,4.661674543174585,248.10896234044424,low_abatement,False,False
268.0,244.0,4.209238623958312,1612465.9866903706,low_abatement,False,False
232.0,139.0,2.2857947297544294,2796488.042739615,low_abatement,False,False
269.0,232.0,2.892718299060224,73773.27681038789,low_abatement,False,False
273.0,255.0,6.881523729975386,178016059.96612787,low_abatement,False,False
269.0,248.0,5.687096179513487,3515.3526668078484,low_abatement,False,False
270.0,257.0,7.378298523814387,188.3731604043481,low_abatement,False,False
262.0,243.0,5.628153521798248,208.11073468204708,low_abatement,False,False
252.0,222.0,3.5723794276646963,795.2352395244994,low_abatement,False,False
271.0,253.0,3.364595049110399,929.0987192052132,low_abatement,False,False
252.0,184.0,2.4981181627077094,7587.892329299119,low_abatement,False,False
269.0,255.0,7.656733298585832,914424.9574643172,low_abatement,False,False
263.0,248.0,6.404827224429125,1156.5051337862537,low_abatement,False,False
278.0,264.0,7.915853452635382,297.04570926837334,low_abatement,False,False
270.0,255.0,8.317263741165515,15978.121124708314,low_abatement,False,False
261.0,249.0,9.098603947414771,231505.6081867425,low_abatement,False,False
268.0,234.0,3.700427300713175,215322622.2414885,low_abatement,False,False
262.0,240.0,5.542319114728265,114172.03426631991,low_abatement,False,False
271.0,259.0,10.066410005212942,696.2377463093366,low_abatement,False,False
253.0,223.0,3.625795435678542,1066.0214754863975,low_abatement,False,False
267.0,255.0,9.587595912083613,4779.828898119085,low_abatement,False,False
269.0,233.0,2.953312564827493,838.0720212366506,low_abatement,False,False
265.0,243.0,3.748077514907346,151.46678195665504,low_abatement,False,False
270.0,254.0,8.069582128056153,834911.1694034261,low_abatement,False,False
267.0,255.0,10.587783750081124,660.6390185585077,low_abatement,False,False
275.0,258.0,5.385492172094985,141.60742171801155,low_abatement,False,False
254.0,228.0,3.7791950050470255,127883365.88765922,low_abatement,False,False
273.0,257.0,6.847530833694737,722786254.5823841,low_abatement,False,False
282.0,266.0,8.436305099243754,438.9058882416318,low_abatement,False,False
259.0,237.0,5.64358471824023,47.99594732764393,low_abatement,False,False
269.0,250.0,3.774262299148167,156.81795562598137,low_abatement,False,False
268.0,244.0,3.3528687684068452,14527770.228373125,low_abatement,False,False
266.0,232.0,2.659114624654893,2115172.257735584,low_abatement,False,False
266.0,246.0,4.94822961150749,419872592.1575032,low_abatement,False,False
275.0,258.0,4.092455670506688,693.9118068828825,low_abatement,False,False
268.0,252.0,4.583092117222664,1272.995033788694,low_abatement,False,False
265.0,245.0,6.05118873767724,6793446.901480809,low_abatement,False,False
274.0,254.0,4.478034647055072,5011201.991789138,low_abatement,False,False
267.0,240.0,3.706908201618872,315.1524933413119,low_abatement,False,False
275.0,231.0,3.087230855902024,613.7507746966043,low_abatement,False,False
271.0,256.0,7.995542141337052,3233.29947962454,low_abatement,False,False
265.0,248.0,7.742896599542424,157.73197685058574,low_abatement,False,False
264.0,178.0,2.292147870533425,1801655501.342902,low_abatement,False,False
274.0,256.0,6.470213315169148,20470438.82789733,low_abatement,False,False
272.0,253.0,5.063601434867927,24538.50298173051,low_abatement,False,False
271.0,252.0,3.660369441386193,646529371.6533719,low_abatement,False,False
260.0,241.0,5.388324241492162,740.4492471654038,low_abatement,False,False
273.0,259.0,7.9414174171258765,1572.97822526084,low_abatement,False,False
271.0,251.0,5.423453325875836,98991946.09118752,low_abatement,False,False
253.0,204.0,2.297080106281388,12306626.978574215,low_abatement,False,False
261.0,202.0,2.5117118211074505,11990261.34953839,low_abatement,False,False
267.0,256.0,11.134371343225487,245185561.0827475,low_abatement,False,False
264.0,240.0,4.28485232013465,726.9005376092805,low_abatement,False,False
270.0,256.0,8.365096009531705,80780.44344405997,low_abatement,False,False
266.0,243.0,3.6906170012124666,238438.82240429736,low_abatement,False,False
266.0,241.0,4.814334702995499,690.5318405986915,low_abatement,False,False
260.0,236.0,4.792130480522422,1722029625.5620232,low_abatement,False,False
272.0,216.0,2.2474608661970126,75.70869387927355,low_abatement,False,False
270.0,233.0,3.1575157760016506,1296.4877793015205,low_abatement,False,False
263.0,234.0,2.7534615427842617,470446903.89542294,low_abatement,False,False
267.0,252.0,5.111251504072548,1917.7843507961861,low_abatement,False,False
253.0,226.0,4.440712666409398,6511.848087422876,low_abatement,False,False
273.0,260.0,8.908563490735586,191.24749279998252,low_abatement,False,False
265.0,251.0,8.668061256192576,660961.6050977396,low_abatement,False,False
264.0,219.0,2.383565193459321,28233633.203327857,low_abatement,False,False
271.0,256.0,8.745955134647614,3052.3530583826755,low_abatement,False,False
259.0,243.0,4.577758021009819,147743621.9953356,low_abatement,False,False
252.0,207.0,2.9305330852053024,7623402.314781731,low_abatement,False,False
260.0,236.0,4.518177619616349,60453.84105341372,low_abatement,False,False
257.0,198.0,2.5590253910296967,13330.795803663234,low_abatement,False,False
271.0,257.0,7.447166492837663,118474.07013688312,low_abatement,False,False
273.0,262.0,11.933633774365626,130249.76725609289,low_abatement,False,False
269.0,257.0,6.466412844396347,463.9250301487401,low_abatement,False,False
267.0,250.0,4.08876695094341,46261.864378695274,low_abatement,False,False
266.0,246.0,3.8323679710851355,82281256.98321787,low_abatement,False,False
277.0,264.0,9.330071588835402,19974.69614352991,low_abatement,False,False
268.0,222.0,2.6542936795696472,224.99426609338198,low_abatement,False,False
268.0,247.0,4.981779936368508,379824501.4265116,low_abatement,False,False
273.0,258.0,7.341713149114359,760.0359666507717,low_abatement,False,False
270.0,257.0,8.819814412158545,1048382.0957825548,low_abatement,False,False
275.0,259.0,8.549579407964105,1205397725.3892474,low_abatement,False,False
255.0,222.0,3.114923087281719,54.84008501347315,low_abatement,False,False
273.0,254.0,6.438323260537531,22.1712117407974,low_abatement,False,False
264.0,227.0,2.3572298259220554,58350.63771068674,low_abatement,False,False
264.0,247.0,4.475317297211259,138.96253668078396,low_abatement,False,False
266.0,247.0,4.882878211401463,14342359.16400386,low_abatement,False,False
232.0,0.0,1.777662916077765,32195.812477086358,medium_abatement,False,True
265.0,248.0,6.055334234186805,3331.4554032610695,medium_abatement,False,False
266.0,252.0,5.210989811071443,3435.8563504356684,medium_abatement,False,False
265.0,239.0,3.729041829832757,251.89645443412434,medium_abatement,False,False
264.0,240.0,4.485390716824458,3423986.4141786387,medium_abatement,False,False
207.0,0.0,1.7872031922423393,34762.80233621914,medium_abatement,False,True
264.0,240.0,3.712724886549969,75146.80968587824,medium_abatement,False,False
274.0,257.0,6.6129068001823255,8282726.823087279,medium_abatement,False,False
257.0,232.0,3.924194555202524,1804.261064981172,medium_abatement,False,False
269.0,234.0,3.005662395188068,1615.077308987735,medium_abatement,False,False
261.0,0.0,1.6283010573361731,29.676312312058485,medium_abatement,False,True
268.0,252.0,5.454857664441095,710.3572143909927,medium_abatement,False,False
264.0,244.0,3.9670979142704286,58945.134573698844,medium_abatement,False,False
271.0,259.0,8.623473724914788,657830.7051106858,medium_abatement,False,False
259.0,0.0,1.9236753776952638,13887900.037469113,medium_abatement,False,True
267.0,252.0,6.237875413424632,874.3679662290177,medium_abatement,False,False
271.0,253.0,3.2781670715116205,412.58674898566255,medium_abatement,False,False
260.0,238.0,3.4482855736932763,29512.49664276838,medium_abatement,False,False
276.0,256.0,2.8837862046723415,1030.4800199610804,medium_abatement,False,False
271.0,253.0,4.5977846490284096,165.52645057585494,medium_abatement,False,False
266.0,246.0,4.434560217076131,906.1757639068508,medium_abatement,False,False
272.0,259.0,6.130578661891676,664.0712757605805,medium_abatement,False,False
264.0,250.0,6.708779828018757,880645094.5470412,medium_abatement,False,False
270.0,228.0,2.566867161793808,167454.60016624143,medium_abatement,False,False
279.0,264.0,4.990242455984401,224.88421586792975,medium_abatement,False,False
266.0,248.0,5.267966080881524,232.16828489721127,medium_abatement,False,False
260.0,242.0,4.542735398819791,13608.578370147525,medium_abatement,False,False
266.0,242.0,3.3454291251824513,1186.2781169574957,medium_abatement,False,False
263.0,239.0,3.5814045695484746,168.3334629780124,medium_abatement,False,False
252.0,210.0,3.877223242305563,591.4947373073326,medium_abatement,False,False
264.0,248.0,4.132391827792653,118.16792936845069,medium_abatement,False,False
269.0,198.0,2.2305397970535252,1042.971589825122,medium_abatement,False,False
272.0,243.0,3.706200535659122,17100.656909065176,medium_abatement,False,False
252.0,0.0,1.8296066844914838,138214974.0530715,medium_abatement,False,True
269.0,249.0,4.330424080758452,40384.01126268793,medium_abatement,False,False
271.0,258.0,6.903104032985549,8392.868536592818,medium_abatement,False,False
258.0,236.0,5.186151542211977,865.821020012291,medium_abatement,False,False
264.0,242.0,4.270055973953759,234.7714275232668,medium_abatement,False,False
272.0,254.0,3.559393419587261,376.13433980724716,medium_abatement,False,False
275.0,257.0,5.277158959706845,36311326.926865704,medium_abatement,False,False
255.0,230.0,4.142858822753126,80574880.16317455,medium_abatement,False,False
268.0,246.0,3.4431217259467526,1377080781.2705965,medium_abatement,False,False
273.0,262.0,7.632938824895049,317.4732508533822,medium_abatement,False,False
246.0,159.0,2.142195629802189,820.487453188264,medium_abatement,False,False
241.0,154.0,2.378614631364329,91.59961322099792,medium_abatement,False,False
255.0,123.0,2.1275066205361415,121482.05830138444,medium_abatement,False,False
257.0,238.0,5.436055904158097,9871.498221684675,medium_abatement,False,False
264.0,209.0,2.513453045372449,2052.476894962203,medium_abatement,False,False
265.0,244.0,3.432415043901864,147.84247104751978,medium_abatement,False,False
273.0,253.0,5.437421244320439,73.34811064604706,medium_abatement,False,False
257.0,221.0,2.4475238956047662,1247.8227963418199,medium_abatement,False,False
255.0,229.0,3.3964449536345036,53129670.69160699,medium_abatement,False,False
266.0,239.0,3.606284133926134,1244.712491793628,medium_abatement,False,False
254.0,227.0,3.188100440335919,824.558371688456,medium_abatement,False,False
271.0,248.0,3.6084259966127044,451.25880207762987,medium_abatement,False,False
266.0,246.0,4.85424053162658,2452.988500056029,medium_abatement,False,False
272.0,251.0,5.182555176794777,3157.578768807706,medium_abatement,False,False
271.0,248.0,2.7221518968627,61654728.94663659,medium_abatement,False,False
266.0,252.0,5.852295535034301,1255142.6128285518,medium_abatement,False,False
267.0,241.0,3.443723613452403,340595.4630854524,medium_abatement,False,False
274.0,208.0,2.1075722324821076,334235.8524673863,medium_abatement,False,False
273.0,255.0,4.735386811946438,518470.9300110908,medium_abatement,False,False
269.0,251.0,4.150429356195843,495379.45283734205,medium_abatement,False,False
270.0,257.0,5.890973403367479,257.6626202241825,medium_abatement,False,False
269.0,254.0,3.55212878412756,2094.871533460711,medium_abatement,False,False
269.0,252.0,5.325313869836348,1652102.749937062,medium_abatement,False,False
267.0,246.0,2.9286789026807756,169950211.5284375,medium_abatement,False,False
264.0,249.0,5.192744466278914,277906525.06081855,medium_abatement,False,False
258.0,228.0,3.1048450991693883,2039461.62503308,medium_abatement,False,False
269.0,147.0,2.1824802773354435,60.46822918676403,medium_abatement,False,False
273.0,253.0,4.031022732460969,247.50852005496816,medium_abatement,False,False
269.0,256.0,6.160750508402051,6110.009204133725,medium_abatement,False,False
268.0,256.0,7.7119598529113125,119.57430950385901,medium_abatement,False,False
272.0,245.0,3.76479243632727,786.7410940296818,medium_abatement,False,False
272.0,257.0,8.374855102033123,260327.0531098708,medium_abatement,False,False
270.0,259.0,8.409339748714526,571029.7798470585,medium_abatement,False,False
262.0,218.0,3.053712894699101,743.5997321588886,medium_abatement,False,False
263.0,229.0,2.7612175835603017,4548806.306223421,medium_abatement,False,False
277.0,258.0,4.380990083333888,767.2666343155815,medium_abatement,False,False
123.0,0.0,1.5381863818233454,4684.446997792993,medium_abatement,False,True
267.0,199.0,2.3143543195112204,2362957.1658997033,medium_abatement,False,False
267.0,249.0,4.7517166533167146,1958.2397081601375,medium_abatement,False,False
274.0,261.0,7.205681795379743,221.13447449884703,medium_abatement,False,False
265.0,246.0,4.923239143553195,4170.4297556737065,medium_abatement,False,False
259.0,243.0,5.178291919737245,21632962.205106486,medium_abatement,False,False
267.0,253.0,6.125500186423422,287.298993641818,medium_abatement,False,False
2.0,0.0,1.5008432307911057,8030.468307459746,medium_abatement,False,True
275.0,261.0,8.325062835560134,508424949.9957447,medium_abatement,False,False
255.0,168.0,2.3557644953622408,54291.119304425614,medium_abatement,False,False
263.0,247.0,4.891667702652422,4148758.700227213,medium_abatement,False,False
264.0,238.0,2.95689727611705,5118.7926215965135,medium_abatement,False,False
267.0,239.0,3.4564517545511446,1039.6980594348474,medium_abatement,False,False
268.0,253.0,8.359669287678592,630003927.6531165,medium_abatement,False,False
261.0,234.0,3.564241494194005,20822.708784472954,medium_abatement,False,False
264.0,241.0,4.243580743234042,1200.890836522688,medium_abatement,False,False
267.0,247.0,3.7919371784906764,204323.07622168082,medium_abatement,False,False
271.0,254.0,6.4453923028256295,50990245.67864623,medium_abatement,False,False
263.0,247.0,5.054075678137512,27454720.789421245,medium_abatement,False,False
264.0,231.0,3.225883328324919,7720653.581668637,medium_abatement,False,False
270.0,248.0,4.1254626269668835,770.3158690810512,medium_abatement,False,False
254.0,225.0,2.750939879782025,12009.206426165603,medium_abatement,False,False
264.0,236.0,2.6856694260686123,1995869076.35007,medium_abatement,False,False
265.0,248.0,5.703801723514442,368306547.2906971,medium_abatement,False,False
262.0,246.0,7.178347373068878,33339879.360105455,medium_abatement,False,False
261.0,240.0,3.804663366195626,6914.558877613902,medium_abatement,False,False
274.0,258.0,4.007703737559309,1591.9759627503654,medium_abatement,False,False
264.0,233.0,3.2117218996841976,3629031.4851194974,medium_abatement,False,False
268.0,242.0,3.4064433305926163,30868957.714072198,medium_abatement,False,False
267.0,249.0,3.9758736554165046,1717.6924733506683,medium_abatement,False,False
272.0,261.0,7.596500124684046,764.5320786265277,medium_abatement,False,False
274.0,261.0,6.174972747155998,53318911.886031985,medium_abatement,False,False
268.0,252.0,6.616716638183948,464963.027537316,medium_abatement,False,False
262.0,238.0,3.7219685375073936,595.3247294363335,medium_abatement,False,False
255.0,228.0,2.871044129527527,1098262828.2503734,medium_abatement,False,False
271.0,237.0,3.733211331677023,239.04600215114448,medium_abatement,False,False
268.0,243.0,3.5397274403329195,1612502.5405583244,medium_abatement,False,False
221.0,0.0,1.957416756019341,2796555.7898525805,medium_abatement,False,True
269.0,220.0,2.5375948477384442,73775.84100346432,medium_abatement,False,False
273.0,255.0,5.502122557132799,178016312.29829213,medium_abatement,False,False
269.0,246.0,4.277432160189686,3522.45386243425,medium_abatement,False,False
270.0,256.0,6.217138362490332,183.51985630326757,medium_abatement,False,False
262.0,241.0,3.9883115988933353,192.56856221971088,medium_abatement,False,False
251.0,216.0,3.05357101137762,799.8173529029565,medium_abatement,False,False
271.0,252.0,2.915269675457283,931.9578239041622,medium_abatement,False,False
252.0,124.0,2.17256065243656,7593.885564439648,medium_abatement,False,False
269.0,254.0,5.734623970713861,914431.2973501617,medium_abatement,False,False
263.0,247.0,5.193490207444519,1159.1378417973342,medium_abatement,False,False
278.0,264.0,6.112748189108345,288.26180665064607,medium_abatement,False,False
270.0,254.0,6.617755472282781,15980.336370370967,medium_abatement,False,False
261.0,248.0,7.308705592320204,231509.6265261201,medium_abatement,False,False
267.0,229.0,3.2169759101043596,215323302.0182052,medium_abatement,False,False
262.0,234.0,4.376377028523896,114176.45181128029,medium_abatement,False,False
271.0,259.0,8.007133514458092,700.1088275587606,medium_abatement,False,False
253.0,216.0,2.864329899663662,1071.5516181853384,medium_abatement,False,False
267.0,255.0,8.036727671268535,4781.6151098912105,medium_abatement,False,False
269.0,225.0,2.5762781141287556,832.6948631887352,medium_abatement,False,False
265.0,242.0,3.1936034107085916,145.975790047171,medium_abatement,False,False
270.0,254.0,6.558057120707721,834919.6772371101,medium_abatement,False,False
267.0,255.0,8.499635208915329,664.1684308832127,medium_abatement,False,False
275.0,258.0,4.107191985413104,120.29497435037986,medium_abatement,False,False
253.0,223.0,3.187333480902125,127886458.21904287,medium_abatement,False,False
273.0,257.0,5.640749132307586,722786754.3928928,medium_abatement,False,False
282.0,266.0,6.4818724981706985,428.95391702524887,medium_abatement,False,False
258.0,234.0,4.611811856123909,43.19057609916456,medium_abatement,False,False
269.0,248.0,3.285401886441164,145.80369728604512,medium_abatement,False,False
268.0,241.0,2.9028287045877663,14527816.353600327,medium_abatement,False,False
266.0,219.0,2.3077814487085835,2115192.3539694045,medium_abatement,False,False
266.0,245.0,4.3027131279855775,419875799.5266038,medium_abatement,False,False
275.0,258.0,3.533200679854664,697.2173108836197,medium_abatement,False,False
268.0,252.0,3.853437057923312,1276.9228104308108,medium_abatement,False,False
265.0,244.0,4.851621119516234,6793566.1368224295,medium_abatement,False,False
274.0,254.0,3.8175917826639747,5011268.127977212,medium_abatement,False,False
267.0,235.0,3.2254189108611584,308.95670307620117,medium_abatement,False,False
275.0,220.0,2.6473311844989067,606.5185947810985,medium_abatement,False,False
271.0,256.0,6.466724123530081,3226.6773839752295,medium_abatement,False,False
265.0,247.0,6.437742284197174,151.79270134710237,medium_abatement,False,False
263.0,0.0,1.9767399908724856,1801684683.3052592,medium_abatement,False,True
274.0,256.0,5.345100666794772,20470789.103980605,medium_abatement,False,False
272.0,252.0,4.395705529203554,24541.326401218226,medium_abatement,False,False
271.0,252.0,3.1605765512505712,646530697.3907938,medium_abatement,False,False
259.0,239.0,4.099771031839917,744.7081799463098,medium_abatement,False,False
273.0,258.0,6.941182478599574,1576.632976455459,medium_abatement,False,False
271.0,250.0,4.222903600917808,98994081.106571,medium_abatement,False,False
252.0,101.0,2.04905581217257,12306740.458335822,medium_abatement,False,False
260.0,147.0,2.1492834799828215,11990663.207839876,medium_abatement,False,False
267.0,255.0,8.02924750773004,245186565.83958888,medium_abatement,False,False
264.0,236.0,3.529520468976289,731.6292103612201,medium_abatement,False,False
270.0,256.0,6.93145394386897,80781.41873729245,medium_abatement,False,False
265.0,241.0,3.168493996441197,238447.9557288637,medium_abatement,False,False
266.0,237.0,3.697379471354057,695.9793297673509,medium_abatement,False,False
260.0,234.0,3.6827653410883308,1722050037.7824678,medium_abatement,False,False
272.0,0.0,1.9943112216237435,65.58610365001506,medium_abatement,False,True
270.0,225.0,2.7316965159307633,1299.9832127313014,medium_abatement,False,False
263.0,230.0,2.4258756625576394,470456862.96879095,medium_abatement,False,False
267.0,252.0,4.474278902597553,1921.193904404975,medium_abatement,False,False
252.0,222.0,3.5975132073903193,6517.999316585439,medium_abatement,False,False
273.0,260.0,7.263887621280524,172.21848968825793,medium_abatement,False,False
264.0,250.0,6.959062764904351,660966.8554128924,medium_abatement,False,False
263.0,189.0,2.0860164841328324,28234036.638743844,medium_abatement,False,False
271.0,256.0,7.246411792544045,3053.9033282495093,medium_abatement,False,False
259.0,241.0,3.953389497551048,147745758.207959,medium_abatement,False,False
251.0,187.0,2.510679682613212,7623483.104905699,medium_abatement,False,False
260.0,233.0,3.556028391396872,60448.944346508986,medium_abatement,False,False
256.0,141.0,2.2063371917342733,13335.859064885632,medium_abatement,False,False
271.0,257.0,6.075525220164687,118475.52557990277,medium_abatement,False,False
273.0,262.0,9.38297250344423,130251.0367665432,medium_abatement,False,False
269.0,256.0,5.564879955360687,457.63678134058796,medium_abatement,False,False
267.0,249.0,3.53140922615715,46266.987944714674,medium_abatement,False,False
266.0,245.0,3.197263168845418,82281631.66671121,medium_abatement,False,False
277.0,264.0,7.775779461325333,19976.231646439817,medium_abatement,False,False
268.0,207.0,2.276436969956417,216.1775348411625,medium_abatement,False,False
268.0,245.0,4.134496234005668,379833675.9161404,medium_abatement,False,False
273.0,257.0,6.0622560043795,764.0815738867178,medium_abatement,False,False
270.0,257.0,7.191015767058709,1048391.2253144616,medium_abatement,False,False
275.0,259.0,7.0660877022991775,1205413635.7487133,medium_abatement,False,False
254.0,214.0,2.585486442630048,46.4811081157402,medium_abatement,False,False
273.0,254.0,5.347799674408238,17.508958650890364,medium_abatement,False,False
264.0,205.0,2.084766119832754,58354.758683003805,medium_abatement,False,False
264.0,246.0,3.992064560515778,134.42821512295046,medium_abatement,False,False
266.0,246.0,4.176368161021069,14342638.661042983,medium_abatement,False,False
20.0,0.0,1.5062569492266298,32202.938822416243,high_abatement,False,True
265.0,246.0,4.358880493842917,3334.0087990008706,high_abatement,False,False
266.0,251.0,4.444296505520461,3439.4579871854044,high_abatement,False,False
264.0,236.0,3.036750616665888,246.13337579848056,high_abatement,False,False
264.0,232.0,3.020494768553511,3424020.159017187,high_abatement,False,False
10.0,0.0,1.504199147318094,34767.43787418798,high_abatement,False,True
264.0,237.0,3.0360187095598943,75152.36494026645,high_abatement,False,False
274.0,256.0,4.572703265245395,8282781.907910401,high_abatement,False,False
256.0,227.0,3.212144570667366,1798.5886853343259,high_abatement,False,False
269.0,225.0,2.4982760866398004,1619.2697263752495,high_abatement,False,False
43.0,0.0,1.5491289634047412,6.963990894425351,high_abatement,False,True
268.0,252.0,3.825884507120611,715.295625173642,high_abatement,False,False
264.0,243.0,3.214730614546004,58950.48972344825,high_abatement,False,False
271.0,259.0,6.00856485902475,657832.5262790718,high_abatement,False,False
256.0,0.0,1.6306149245305646,13888217.2705376,high_abatement,False,True
267.0,251.0,4.4827980486957895,879.4856415377087,high_abatement,False,False
271.0,253.0,2.7622250655451577,406.59361602356176,high_abatement,False,False
259.0,236.0,2.936689667809775,29515.832877276855,high_abatement,False,False
276.0,256.0,2.481533300455977,1034.606553802202,high_abatement,False,False
271.0,253.0,3.224530840367122,148.80987749832104,high_abatement,False,False
266.0,244.0,3.0052391934323635,910.654287739508,high_abatement,False,False
272.0,258.0,4.306665023793993,668.980259271616,high_abatement,False,False
264.0,249.0,5.481101679307025,880655296.930784,high_abatement,False,False
270.0,188.0,2.2160866931413596,167459.01449549585,high_abatement,False,False
279.0,264.0,4.120740764396291,219.1895587442289,high_abatement,False,False
265.0,247.0,3.7077536571542877,220.83518953557888,high_abatement,False,False
259.0,241.0,3.6802541545343215,13611.712416522625,high_abatement,False,False
266.0,240.0,2.7493831919110385,1192.0305615721666,high_abatement,False,False
262.0,235.0,2.584000344396829,142.9932091350322,high_abatement,False,False
251.0,177.0,2.675904351431673,579.7232018861941,high_abatement,False,False
264.0,246.0,3.397575319476529,111.70548788669583,high_abatement,False,False
268.0,0.0,1.8482728439422995,1049.9216783670854,high_abatement,False,True
271.0,240.0,2.582930774371033,17107.09496534663,high_abatement,False,False
251.0,0.0,1.5843184725521695,138218510.22927886,high_abatement,False,True
268.0,248.0,3.0983368779994134,40387.230513678325,high_abatement,False,False
271.0,257.0,4.620929899669189,8394.667028542064,high_abatement,False,False
257.0,233.0,3.816016244775529,869.4131769873528,high_abatement,False,False
264.0,240.0,3.2396001395313334,228.52448902907526,high_abatement,False,False
272.0,254.0,3.0628306889171646,370.3084685948536,high_abatement,False,False
275.0,256.0,4.301611773746604,36311583.05336692,high_abatement,False,False
255.0,225.0,3.221054997252698,80577015.16473609,high_abatement,False,False
268.0,244.0,2.9157396243751292,1377085606.686541,high_abatement,False,False
273.0,262.0,5.213134542014658,285.2287215944159,high_abatement,False,False
244.0,0.0,1.7980368835860694,812.7895999385602,high_abatement,False,True
234.0,67.0,2.0661377928536764,85.0148052836539,high_abatement,False,False
254.0,0.0,1.8218734595435206,121490.19787309726,high_abatement,False,True
256.0,235.0,3.7539065809355048,9874.599191576202,high_abatement,False,False
264.0,146.0,2.109589880175515,2056.6430288786487,high_abatement,False,False
265.0,243.0,2.8299268684636676,141.7854171008347,high_abatement,False,False
273.0,253.0,4.213844999168586,66.25818233990712,high_abatement,False,False
256.0,55.0,2.019481193107193,1240.4529053189062,high_abatement,False,False
255.0,224.0,2.802502866387579,53130230.904433675,high_abatement,False,False
266.0,233.0,2.5329097013099524,1250.6181283418641,high_abatement,False,False
253.0,221.0,2.713335622801697,828.6883310193521,high_abatement,False,False
271.0,247.0,2.978774040129808,445.38533956471963,high_abatement,False,False
266.0,245.0,3.849765879500596,2456.4721148040226,high_abatement,False,False
272.0,251.0,3.403258185036128,3162.2568461502206,high_abatement,False,False
271.0,245.0,2.2829676363959894,61654803.91359556,high_abatement,False,False
266.0,251.0,3.910261651739658,1255148.1602215262,high_abatement,False,False
267.0,238.0,2.7993892002441414,340606.2171741209,high_abatement,False,False
274.0,0.0,1.8895322894941542,334242.3807680378,high_abatement,False,True
273.0,254.0,3.3816979034081847,518478.77829155145,high_abatement,False,False
269.0,249.0,2.690620864023403,495393.22795177693,high_abatement,False,False
270.0,256.0,5.000868396809946,251.6995413283984,high_abatement,False,False
269.0,253.0,3.112570302533519,2096.7037555090988,high_abatement,False,False
269.0,252.0,3.6310431233650844,1652122.7568807905,high_abatement,False,False
267.0,244.0,2.498260767264279,169951432.45175162,high_abatement,False,False
264.0,248.0,4.323610668275538,277906820.6996156,high_abatement,False,False
257.0,220.0,2.5244671824704508,2039509.2972938016,high_abatement,False,False
269.0,0.0,1.9106842702834221,51.59934495440292,high_abatement,False,True
273.0,252.0,2.701031388898481,221.53725482835614,high_abatement,False,False
269.0,256.0,4.137127329386812,6112.825712172773,high_abatement,False,False
268.0,256.0,6.204958370296632,111.58983784266427,high_abatement,False,False
272.0,244.0,3.1795265390329552,789.8278696508168,high_abatement,False,False
272.0,256.0,6.500380982973797,260330.82485811517,high_abatement,False,False
270.0,259.0,5.767141704495485,571041.1173344507,high_abatement,False,False
261.0,199.0,2.5837716677662432,748.5782765619425,high_abatement,False,False
262.0,219.0,2.2920241130845627,4548846.337677942,high_abatement,False,False
277.0,257.0,3.526827201898798,773.274039597148,high_abatement,False,False
0.0,0.0,1.321309212071865,4692.711929834239,high_abatement,True,True
267.0,0.0,1.9370417710731256,2363017.967604144,high_abatement,False,True
267.0,248.0,3.392502585906441,1962.2186371178298,high_abatement,False,False
274.0,260.0,4.735527362682214,197.42831912175006,high_abatement,False,False
265.0,245.0,3.376514012844848,4173.617074757887,high_abatement,False,False
259.0,242.0,3.5722423956757137,21633390.392856203,high_abatement,False,False
267.0,252.0,4.252043190234878,270.47144891026176,high_abatement,False,False
0.0,0.0,1.4094134695737408,8042.560742515107,high_abatement,True,True
275.0,261.0,5.537643094382621,508425289.43976384,high_abatement,False,False
254.0,0.0,1.9862602943998096,54295.351876059474,high_abatement,False,True
262.0,245.0,3.3102544535860954,4148803.298209014,high_abatement,False,False
264.0,234.0,2.423605099708496,5113.136504261462,high_abatement,False,False
267.0,234.0,2.518375229334041,1047.8943849830812,high_abatement,False,False
268.0,252.0,6.323665690134857,630008934.9992214,high_abatement,False,False
261.0,231.0,2.9603352161349714,20827.12574068925,high_abatement,False,False
264.0,239.0,3.4509066633805143,1195.4166245194167,high_abatement,False,False
267.0,245.0,3.109791718775953,204332.8086976769,high_abatement,False,False
270.0,253.0,4.194078864766465,50990801.94715307,high_abatement,False,False
263.0,246.0,4.1903862420074125,27455185.301574733,high_abatement,False,False
264.0,219.0,2.3658321106150635,7720824.669580364,high_abatement,False,False
270.0,246.0,2.965565996929391,776.2653318776928,high_abatement,False,False
254.0,216.0,2.2348716704946026,12018.50378541584,high_abatement,False,False
264.0,232.0,2.236729045888827,1995921864.157577,high_abatement,False,False
265.0,247.0,4.339026527233342,368310955.20131,high_abatement,False,False
262.0,245.0,5.547259965463418,33340006.444419723,high_abatement,False,False
260.0,238.0,3.1753095007446124,6919.061863023508,high_abatement,False,False
274.0,257.0,3.3964574206015934,1596.9058227346502,high_abatement,False,False
264.0,225.0,2.7036040605176668,3629111.2742505623,high_abatement,False,False
268.0,240.0,2.777462891310383,30869577.92562683,high_abatement,False,False
267.0,247.0,2.8702195488451236,1722.536062150965,high_abatement,False,False
272.0,260.0,6.048766853191792,767.8381285177459,high_abatement,False,False
274.0,261.0,5.125813629067307,53318933.00630263,high_abatement,False,False
268.0,251.0,4.126935944339765,464972.8088789917,high_abatement,False,False
262.0,234.0,3.0443807026891716,589.6997414799524,high_abatement,False,False
254.0,220.0,2.304090521388259,1098288682.5927987,high_abatement,False,False
271.0,232.0,2.637781152462397,226.22043096457526,high_abatement,False,False
268.0,241.0,2.8761885242890877,1612539.8318158383,high_abatement,False,False
175.0,0.0,1.6208545934881293,2796624.7190140397,high_abatement,False,True
269.0,146.0,2.1679483875329466,73779.05624024608,high_abatement,False,False
273.0,254.0,4.018012606773609,178016564.86717218,high_abatement,False,False
269.0,243.0,2.7264435399127906,3533.070347040957,high_abatement,False,False
270.0,256.0,4.997553009047758,177.81886209332214,high_abatement,False,False
262.0,240.0,2.844442716976663,173.71633614773205,high_abatement,False,False
250.0,205.0,2.5279628319619256,805.3396056187162,high_abatement,False,False
271.0,251.0,2.4571079723756486,935.4928468139547,high_abatement,False,False
250.0,0.0,1.8390211022785696,7601.658063550274,high_abatement,False,True
269.0,254.0,3.7910639738170087,914437.9384940168,high_abatement,False,False
263.0,245.0,3.490915910971631,1163.1164786784757,high_abatement,False,False
278.0,264.0,4.235277860418881,276.62293803441946,high_abatement,False,False
270.0,254.0,4.775361521249944,15983.187407149722,high_abatement,False,False
261.0,247.0,4.985302428979445,231514.00361598725,high_abatement,False,False
267.0,212.0,2.7233082149960475,215323982.2839186,high_abatement,False,False
262.0,221.0,2.8496666066572525,114182.34227288589,high_abatement,False,False
271.0,258.0,5.0959613933009615,705.9090031564964,high_abatement,False,False
252.0,173.0,2.1011538746494,1079.2001249644704,high_abatement,False,False
267.0,254.0,5.674700599601839,4784.051501203599,high_abatement,False,False
268.0,178.0,2.193958160448682,826.2267190600016,high_abatement,False,False
265.0,240.0,2.646868774677571,139.6045680402724,high_abatement,False,False
269.0,253.0,4.8902547742516544,834928.9911756504,high_abatement,False,False
267.0,254.0,5.541461273543178,669.2756380724029,high_abatement,False,False
275.0,257.0,2.8679183890440854,93.59924830554395,high_abatement,False,False
253.0,214.0,2.5359088672952605,127889552.64356963,high_abatement,False,False
273.0,256.0,3.7926678781023924,722787254.402271,high_abatement,False,False
282.0,266.0,4.212223914371189,414.4855061223027,high_abatement,False,False
258.0,231.0,3.4355484239756,37.23126732631202,high_abatement,False,False
269.0,246.0,2.7854628542398006,133.42879742822447,high_abatement,False,False
268.0,233.0,2.4467649136784626,14527862.780552778,high_abatement,False,False
266.0,0.0,1.9499290309465078,2115213.0167946066,high_abatement,False,True
266.0,243.0,3.5559081717080736,419879008.6353458,high_abatement,False,False
275.0,257.0,3.006527133688013,701.4225332457586,high_abatement,False,False
267.0,251.0,3.1114724590538994,1281.8391245305868,high_abatement,False,False
265.0,242.0,3.5853262170176117,6793688.287930693,high_abatement,False,False
274.0,253.0,3.1473147432076107,5011335.039990944,high_abatement,False,False
267.0,229.0,2.7328063218843655,301.6701885351447,high_abatement,False,False
275.0,158.0,2.2004835908200615,597.3476594511783,high_abatement,False,False
271.0,255.0,4.135108293860667,3216.480239190436,high_abatement,False,False
264.0,246.0,4.929446208457847,144.19860572214867,high_abatement,False,False
263.0,0.0,1.6618607084944919,1801713876.013777,high_abatement,False,True
274.0,255.0,4.122763165513857,20471140.72216322,high_abatement,False,False
272.0,251.0,3.7190547138403,24544.64859901211,high_abatement,False,False
271.0,251.0,2.6965827223617116,646532023.9226706,high_abatement,False,False
259.0,235.0,2.9589553258856274,750.4300281476341,high_abatement,False,False
273.0,258.0,5.7713134752978235,1581.1067866707658,high_abatement,False,False
271.0,249.0,2.898900290980406,98996218.37619156,high_abatement,False,False
251.0,0.0,1.8041957703152862,12306859.027181214,high_abatement,False,True
258.0,0.0,1.7876714285032929,11991066.470873656,high_abatement,False,True
267.0,255.0,5.618830048109654,245187570.83039638,high_abatement,False,False
263.0,233.0,2.771292478646009,738.0000551609687,high_abatement,False,False
270.0,256.0,4.879381847546229,80782.62314990863,high_abatement,False,False
265.0,238.0,2.639610789139189,238458.48112897377,high_abatement,False,False
266.0,231.0,2.5486909504152604,703.7122284367016,high_abatement,False,False
259.0,230.0,2.6070700545170933,1722070445.568809,high_abatement,False,False
272.0,0.0,1.8022896571716327,53.47308909843178,high_abatement,False,True
270.0,191.0,2.29603621388518,1304.4616248550042,high_abatement,False,False
263.0,172.0,2.114148160445721,470466822.00302345,high_abatement,False,False
267.0,251.0,3.8291522150110646,1925.132606075812,high_abatement,False,False
251.0,216.0,2.774125531300345,6525.875206754654,high_abatement,False,False
273.0,260.0,4.928679602226172,144.88436572994135,high_abatement,False,False
264.0,250.0,5.059799118899586,660972.6773220241,high_abatement,False,False
263.0,0.0,1.8477009189537574,28234440.990335517,high_abatement,False,True
271.0,255.0,5.090146158168157,3056.0479869707337,high_abatement,False,False
258.0,238.0,3.0769322302832935,147747894.94371465,high_abatement,False,False
250.0,112.0,2.0922957164869467,7623564.53227361,high_abatement,False,False
260.0,230.0,2.6318214677448935,60442.290230943,high_abatement,False,False
255.0,0.0,1.8482197707798402,13342.49456269668,high_abatement,False,True
271.0,256.0,4.021128377093108,118477.27942267807,high_abatement,False,False
273.0,262.0,6.068750545532449,130252.57548716532,high_abatement,False,False
269.0,256.0,4.468069203824334,448.7564640073398,high_abatement,False,False
267.0,247.0,2.9513671534780777,46273.3315681252,high_abatement,False,False
266.0,243.0,2.554668591027646,82282007.94545703,high_abatement,False,False
277.0,264.0,5.377877512316825,19978.35309482212,high_abatement,False,False
268.0,0.0,1.9096398365651723,205.1155514837181,high_abatement,False,True
268.0,244.0,3.2567874715064593,379842852.6237888,high_abatement,False,False
273.0,257.0,4.548889395073327,769.485505334907,high_abatement,False,False
270.0,256.0,4.8976963151246595,1048400.6458446876,high_abatement,False,False
275.0,259.0,5.404389277145264,1205429551.8382707,high_abatement,False,False
254.0,178.0,2.0702799839854196,36.6821988028224,high_abatement,False,False
273.0,253.0,4.074774615105051,11.74476461025744,high_abatement,False,False
263.0,0.0,1.8852113625328895,58359.854103979655,high_abatement,False,True
264.0,245.0,3.465774169629593,129.2102175300858,high_abatement,False,False
265.0,245.0,3.4457489029687367,14342918.63835879,high_abatement,False,False
