policy,policy_index,selection_label,welfare_lens,run_name,seed,scenario,scenario_index,climate_ensemble_index,years_above_1p5C,years_above_2C,ever_above_1p5C,ever_above_2C,max_global_temperature,temperature_2100
P0,0,A_actor_preferred_prioritarian,PRIORITARIAN,PRIORITARIAN_50000_4567890,4567890,FAIR_1,0,1,277.0,111.0,True,True,2.491555387853217,2.16551509555371
P0,0,A_actor_preferred_prioritarian,PRIORITARIAN,PRIORITARIAN_50000_4567890,4567890,FAIR_21,1,21,271.0,214.0,True,True,2.5776721215835376,2.2818914749519323
P0,0,A_actor_preferred_prioritarian,PRIORITARIAN,PRIORITARIAN_50000_4567890,4567890,FAIR_41,2,41,278.0,261.0,True,True,2.963992127120127,2.5609734646979327
P0,0,A_actor_preferred_prioritarian,PRIORITARIAN,PRIORITARIAN_50000_4567890,4567890,FAIR_62,3,62,280.0,275.0,True,True,4.043033794283579,3.1360775625946684
P0,0,A_actor_preferred_prioritarian,PRIORITARIAN,PRIORITARIAN_50000_4567890,4567890,FAIR_82,4,82,283.0,280.0,True,True,4.979416127598129,3.9913366078318564
P0,0,A_actor_preferred_prioritarian,PRIORITARIAN,PRIORITARIAN_50000_4567890,4567890,FAIR_102,5,102,284.0,283.0,True,True,5.55256750696598,4.688481867402906
P0,0,A_actor_preferred_prioritarian,PRIORITARIAN,PRIORITARIAN_50000_4567890,4567890,FAIR_123,6,123,284.0,283.0,True,True,6.050480643316234,5.233551615200956
P0,0,A_actor_preferred_prioritarian,PRIORITARIAN,PRIORITARIAN_50000_4567890,4567890,FAIR_143,7,143,284.0,283.0,True,True,6.5233014124513895,5.740722074993183
P0,0,A_actor_preferred_prioritarian,PRIORITARIAN,PRIORITARIAN_50000_4567890,4567890,FAIR_164,8,164,284.0,283.0,True,True,6.96740206685655,6.221637870287605
P0,0,A_actor_preferred_prioritarian,PRIORITARIAN,PRIORITARIAN_50000_4567890,4567890,FAIR_184,9,184,284.0,283.0,True,True,7.377451581478815,6.6719089656860495
P0,0,A_actor_preferred_prioritarian,PRIORITARIAN,PRIORITARIAN_50000_4567890,4567890,FAIR_204,10,204,284.0,283.0,True,True,7.756948452012672,7.084641483423164
P0,0,A_actor_preferred_prioritarian,PRIORITARIAN,PRIORITARIAN_50000_4567890,4567890,FAIR_225,11,225,284.0,284.0,True,True,8.102101748124602,7.458448614170248
P0,0,A_actor_preferred_prioritarian,PRIORITARIAN,PRIORITARIAN_50000_4567890,4567890,FAIR_245,12,245,284.0,284.0,True,True,8.425816622943497,7.794351255133361
P0,0,A_actor_preferred_prioritarian,PRIORITARIAN,PRIORITARIAN_50000_4567890,4567890,FAIR_266,13,266,284.0,284.0,True,True,8.731531168755806,8.106442640481303
P0,0,A_actor_preferred_prioritarian,PRIORITARIAN,PRIORITARIAN_50000_4567890,4567890,FAIR_286,14,286,284.0,284.0,True,True,9.019887528942315,8.398334159681886
P0,0,A_actor_preferred_prioritarian,PRIORITARIAN,PRIORITARIAN_50000_4567890,4567890,FAIR_306,15,306,284.0,284.0,True,True,9.292628298548946,8.672226618291697
P0,0,A_actor_preferred_prioritarian,PRIORITARIAN,PRIORITARIAN_50000_4567890,4567890,FAIR_327,16,327,284.0,284.0,True,True,9.550197203802947,8.930554437983142
P0,0,A_actor_preferred_prioritarian,PRIORITARIAN,PRIORITARIAN_50000_4567890,4567890,FAIR_347,17,347,284.0,284.0,True,True,9.79405181847436,9.174328128720047
P0,0,A_actor_preferred_prioritarian,PRIORITARIAN,PRIORITARIAN_50000_4567890,4567890,FAIR_367,18,367,284.0,284.0,True,True,10.025054325429059,9.404986199843494
P0,0,A_actor_preferred_prioritarian,PRIORITARIAN,PRIORITARIAN_50000_4567890,4567890,FAIR_388,19,388,284.0,284.0,True,True,10.244731749502376,9.623458139643361
P0,0,A_actor_preferred_prioritarian,PRIORITARIAN,PRIORITARIAN_50000_4567890,4567890,FAIR_408,20,408,284.0,284.0,True,True,10.453106504221187,9.831058549342037
P0,0,A_actor_preferred_prioritarian,PRIORITARIAN,PRIORITARIAN_50000_4567890,4567890,FAIR_429,21,429,284.0,284.0,True,True,10.65107078189624,10.027930388939867
P0,0,A_actor_preferred_prioritarian,PRIORITARIAN,PRIORITARIAN_50000_4567890,4567890,FAIR_449,22,449,284.0,284.0,True,True,10.835146811504327,10.213090292088134
P0,0,A_actor_preferred_prioritarian,PRIORITARIAN,PRIORITARIAN_50000_4567890,4567890,FAIR_469,23,469,284.0,284.0,True,True,11.008495729909969,10.385885155309857
P0,0,A_actor_preferred_prioritarian,PRIORITARIAN,PRIORITARIAN_50000_4567890,4567890,FAIR_490,24,490,284.0,284.0,True,True,11.170285087975685,10.5474461166891
P0,0,A_actor_preferred_prioritarian,PRIORITARIAN,PRIORITARIAN_50000_4567890,4567890,FAIR_510,25,510,284.0,284.0,True,True,11.318126993024087,10.696351509820422
P0,0,A_actor_preferred_prioritarian,PRIORITARIAN,PRIORITARIAN_50000_4567890,4567890,FAIR_531,26,531,284.0,284.0,True,True,11.448930038762564,10.829674804931923
P0,0,A_actor_preferred_prioritarian,PRIORITARIAN,PRIORITARIAN_50000_4567890,4567890,FAIR_551,27,551,284.0,284.0,True,True,11.559393228106115,10.944085296522587
P0,0,A_actor_preferred_prioritarian,PRIORITARIAN,PRIORITARIAN_50000_4567890,4567890,FAIR_571,28,571,284.0,284.0,True,True,11.643924329900877,11.035631432469312
P0,0,A_actor_preferred_prioritarian,PRIORITARIAN,PRIORITARIAN_50000_4567890,4567890,FAIR_592,29,592,284.0,284.0,True,True,11.706763248778344,11.103524901228207
P0,0,A_actor_preferred_prioritarian,PRIORITARIAN,PRIORITARIAN_50000_4567890,4567890,FAIR_612,30,612,284.0,284.0,True,True,11.750932148739556,11.151981374511598
P0,0,A_actor_preferred_prioritarian,PRIORITARIAN,PRIORITARIAN_50000_4567890,4567890,FAIR_633,31,633,284.0,284.0,True,True,11.780667262730601,11.184982232252722
P0,0,A_actor_preferred_prioritarian,PRIORITARIAN,PRIORITARIAN_50000_4567890,4567890,FAIR_653,32,653,284.0,284.0,True,True,11.800330556595496,11.20687667153276
P0,0,A_actor_preferred_prioritarian,PRIORITARIAN,PRIORITARIAN_50000_4567890,4567890,FAIR_673,33,673,284.0,284.0,True,True,11.813525734485786,11.221414155403751
P0,0,A_actor_preferred_prioritarian,PRIORITARIAN,PRIORITARIAN_50000_4567890,4567890,FAIR_694,34,694,284.0,284.0,True,True,11.822723338546187,11.231388118738053
P0,0,A_actor_preferred_prioritarian,PRIORITARIAN,PRIORITARIAN_50000_4567890,4567890,FAIR_714,35,714,284.0,284.0,True,True,11.82951766051818,11.238599278619697
P0,0,A_actor_preferred_prioritarian,PRIORITARIAN,PRIORITARIAN_50000_4567890,4567890,FAIR_734,36,734,284.0,284.0,True,True,11.834887141534539,11.244167478459786
P0,0,A_actor_preferred_prioritarian,PRIORITARIAN,PRIORITARIAN_50000_4567890,4567890,FAIR_755,37,755,284.0,284.0,True,True,11.839414475809061,11.248764801670756
P0,0,A_actor_preferred_prioritarian,PRIORITARIAN,PRIORITARIAN_50000_4567890,4567890,FAIR_775,38,775,284.0,284.0,True,True,11.843440989151516,11.252786476470561
P0,0,A_actor_preferred_prioritarian,PRIORITARIAN,PRIORITARIAN_50000_4567890,4567890,FAIR_796,39,796,284.0,284.0,True,True,11.847164735750443,11.256462405406058
P0,0,A_actor_preferred_prioritarian,PRIORITARIAN,PRIORITARIAN_50000_4567890,4567890,FAIR_816,40,816,284.0,284.0,True,True,11.85070016406551,11.259925555450522
P0,0,A_actor_preferred_prioritarian,PRIORITARIAN,PRIORITARIAN_50000_4567890,4567890,FAIR_836,41,836,284.0,284.0,True,True,11.85411341076536,11.26325273778839
P0,0,A_actor_preferred_prioritarian,PRIORITARIAN,PRIORITARIAN_50000_4567890,4567890,FAIR_857,42,857,284.0,284.0,True,True,11.857442808928102,11.266488417538612
P0,0,A_actor_preferred_prioritarian,PRIORITARIAN,PRIORITARIAN_50000_4567890,4567890,FAIR_877,43,877,284.0,284.0,True,True,11.860710700765736,11.269658458452154
P0,0,A_actor_preferred_prioritarian,PRIORITARIAN,PRIORITARIAN_50000_4567890,4567890,FAIR_898,44,898,284.0,284.0,True,True,11.8641638491901,11.272778056831719
P0,0,A_actor_preferred_prioritarian,PRIORITARIAN,PRIORITARIAN_50000_4567890,4567890,FAIR_918,45,918,284.0,284.0,True,True,11.86748142487569,11.27601793795778
P0,0,A_actor_preferred_prioritarian,PRIORITARIAN,PRIORITARIAN_50000_4567890,4567890,FAIR_938,46,938,284.0,284.0,True,True,11.870703737836202,11.279152295432773
P0,0,A_actor_preferred_prioritarian,PRIORITARIAN,PRIORITARIAN_50000_4567890,4567890,FAIR_959,47,959,284.0,284.0,True,True,11.87385964337665,11.282214638887671
P0,0,A_actor_preferred_prioritarian,PRIORITARIAN,PRIORITARIAN_50000_4567890,4567890,FAIR_979,48,979,284.0,284.0,True,True,11.876965916896056,11.28522440189271
P0,0,A_actor_preferred_prioritarian,PRIORITARIAN,PRIORITARIAN_50000_4567890,4567890,FAIR_1000,49,1000,284.0,284.0,True,True,11.880032417321331,11.288192961473287
P1,1,B_best_prioritarian_threshold,PRIORITARIAN,PRIORITARIAN_50000_2345678,2345678,FAIR_1,0,1,284.0,284.0,True,True,11.835560903802948,11.284989393457941
P1,1,B_best_prioritarian_threshold,PRIORITARIAN,PRIORITARIAN_50000_2345678,2345678,FAIR_21,1,21,284.0,284.0,True,True,11.81039083844704,11.254237271052672
P1,1,B_best_prioritarian_threshold,PRIORITARIAN,PRIORITARIAN_50000_2345678,2345678,FAIR_41,2,41,284.0,284.0,True,True,11.796401037846756,11.237209528101461
P1,1,B_best_prioritarian_threshold,PRIORITARIAN,PRIORITARIAN_50000_2345678,2345678,FAIR_62,3,62,284.0,284.0,True,True,11.788805563190142,11.2278085872158
P1,1,B_best_prioritarian_threshold,PRIORITARIAN,PRIORITARIAN_50000_2345678,2345678,FAIR_82,4,82,284.0,284.0,True,True,11.785058809408435,11.222924983378237
P1,1,B_best_prioritarian_threshold,PRIORITARIAN,PRIORITARIAN_50000_2345678,2345678,FAIR_102,5,102,284.0,284.0,True,True,11.783697285021999,11.220815048854007
P1,1,B_best_prioritarian_threshold,PRIORITARIAN,PRIORITARIAN_50000_2345678,2345678,FAIR_123,6,123,284.0,284.0,True,True,11.783839025610213,11.220443976811941
P1,1,B_best_prioritarian_threshold,PRIORITARIAN,PRIORITARIAN_50000_2345678,2345678,FAIR_143,7,143,284.0,284.0,True,True,11.784936567716217,11.221175654244071
P1,1,B_best_prioritarian_threshold,PRIORITARIAN,PRIORITARIAN_50000_2345678,2345678,FAIR_164,8,164,284.0,284.0,True,True,11.786643698416219,11.222610273880182
P1,1,B_best_prioritarian_threshold,PRIORITARIAN,PRIORITARIAN_50000_2345678,2345678,FAIR_184,9,184,284.0,284.0,True,True,11.788738855074119,11.224492982434857
P1,1,B_best_prioritarian_threshold,PRIORITARIAN,PRIORITARIAN_50000_2345678,2345678,FAIR_204,10,204,284.0,284.0,True,True,11.791079198277005,11.226659877175793
P1,1,B_best_prioritarian_threshold,PRIORITARIAN,PRIORITARIAN_50000_2345678,2345678,FAIR_225,11,225,284.0,284.0,True,True,11.793572191423705,11.229004947730376
P1,1,B_best_prioritarian_threshold,PRIORITARIAN,PRIORITARIAN_50000_2345678,2345678,FAIR_245,12,245,284.0,284.0,True,True,11.796157737787237,11.231459400132723
P1,1,B_best_prioritarian_threshold,PRIORITARIAN,PRIORITARIAN_50000_2345678,2345678,FAIR_266,13,266,284.0,284.0,True,True,11.798796773658122,11.23397852701457
P1,1,B_best_prioritarian_threshold,PRIORITARIAN,PRIORITARIAN_50000_2345678,2345678,FAIR_286,14,286,284.0,284.0,True,True,11.801463887940306,11.23653325161552
P1,1,B_best_prioritarian_threshold,PRIORITARIAN,PRIORITARIAN_50000_2345678,2345678,FAIR_306,15,306,284.0,284.0,True,True,11.804142577982361,11.2391046764399
P1,1,B_best_prioritarian_threshold,PRIORITARIAN,PRIORITARIAN_50000_2345678,2345678,FAIR_327,16,327,284.0,284.0,True,True,11.80682215319281,11.241680546089931
P1,1,B_best_prioritarian_threshold,PRIORITARIAN,PRIORITARIAN_50000_2345678,2345678,FAIR_347,17,347,284.0,284.0,True,True,11.809495716978418,11.244252940175334
P1,1,B_best_prioritarian_threshold,PRIORITARIAN,PRIORITARIAN_50000_2345678,2345678,FAIR_367,18,367,284.0,284.0,True,True,11.812158841371856,11.246816762549134
P1,1,B_best_prioritarian_threshold,PRIORITARIAN,PRIORITARIAN_50000_2345678,2345678,FAIR_388,19,388,284.0,284.0,True,True,11.814808725416633,11.249368769195828
P1,1,B_best_prioritarian_threshold,PRIORITARIAN,PRIORITARIAN_50000_2345678,2345678,FAIR_408,20,408,284.0,284.0,True,True,11.817443622291455,11.251906924202935
P1,1,B_best_prioritarian_threshold,PRIORITARIAN,PRIORITARIAN_50000_2345678,2345678,FAIR_429,21,429,284.0,284.0,True,True,11.820062471271763,11.254429976474688
P1,1,B_best_prioritarian_threshold,PRIORITARIAN,PRIORITARIAN_50000_2345678,2345678,FAIR_449,22,449,284.0,284.0,True,True,11.822664658258322,11.256937185792049
P1,1,B_best_prioritarian_threshold,PRIORITARIAN,PRIORITARIAN_50000_2345678,2345678,FAIR_469,23,469,284.0,284.0,True,True,11.825249875234967,11.259428155064699
P1,1,B_best_prioritarian_threshold,PRIORITARIAN,PRIORITARIAN_50000_2345678,2345678,FAIR_490,24,490,284.0,284.0,True,True,11.82781797556451,11.261902689172382
P1,1,B_best_prioritarian_threshold,PRIORITARIAN,PRIORITARIAN_50000_2345678,2345678,FAIR_510,25,510,284.0,284.0,True,True,11.830368934207677,11.264360724333605
P1,1,B_best_prioritarian_threshold,PRIORITARIAN,PRIORITARIAN_50000_2345678,2345678,FAIR_531,26,531,284.0,284.0,True,True,11.832902803739989,11.266802286377315
P1,1,B_best_prioritarian_threshold,PRIORITARIAN,PRIORITARIAN_50000_2345678,2345678,FAIR_551,27,551,284.0,284.0,True,True,11.83541968538285,11.269227457649485
P1,1,B_best_prioritarian_threshold,PRIORITARIAN,PRIORITARIAN_50000_2345678,2345678,FAIR_571,28,571,284.0,284.0,True,True,11.83791971017388,11.271636355464036
P1,1,B_best_prioritarian_threshold,PRIORITARIAN,PRIORITARIAN_50000_2345678,2345678,FAIR_592,29,592,284.0,284.0,True,True,11.840403077476447,11.27402912729482
P1,1,B_best_prioritarian_threshold,PRIORITARIAN,PRIORITARIAN_50000_2345678,2345678,FAIR_612,30,612,284.0,284.0,True,True,11.84286991548103,11.276405939813182
P1,1,B_best_prioritarian_threshold,PRIORITARIAN,PRIORITARIAN_50000_2345678,2345678,FAIR_633,31,633,284.0,284.0,True,True,11.845320365109101,11.278766928950107
P1,1,B_best_prioritarian_threshold,PRIORITARIAN,PRIORITARIAN_50000_2345678,2345678,FAIR_653,32,653,284.0,284.0,True,True,11.847754593380897,11.281112248668215
P1,1,B_best_prioritarian_threshold,PRIORITARIAN,PRIORITARIAN_50000_2345678,2345678,FAIR_673,33,673,284.0,284.0,True,True,11.8501727711682,11.283442063495421
P1,1,B_best_prioritarian_threshold,PRIORITARIAN,PRIORITARIAN_50000_2345678,2345678,FAIR_694,34,694,284.0,284.0,True,True,11.852575057634665,11.28575653083537
P1,1,B_best_prioritarian_threshold,PRIORITARIAN,PRIORITARIAN_50000_2345678,2345678,FAIR_714,35,714,284.0,284.0,True,True,11.854961612436071,11.288055805008977
P1,1,B_best_prioritarian_threshold,PRIORITARIAN,PRIORITARIAN_50000_2345678,2345678,FAIR_734,36,734,284.0,284.0,True,True,11.857332590082416,11.290340037029344
P1,1,B_best_prioritarian_threshold,PRIORITARIAN,PRIORITARIAN_50000_2345678,2345678,FAIR_755,37,755,284.0,284.0,True,True,11.859688142509798,11.292609374610674
P1,1,B_best_prioritarian_threshold,PRIORITARIAN,PRIORITARIAN_50000_2345678,2345678,FAIR_775,38,775,284.0,284.0,True,True,11.862028418781204,11.294863962764678
P1,1,B_best_prioritarian_threshold,PRIORITARIAN,PRIORITARIAN_50000_2345678,2345678,FAIR_796,39,796,284.0,284.0,True,True,11.86435356631182,11.297103944554546
P1,1,B_best_prioritarian_threshold,PRIORITARIAN,PRIORITARIAN_50000_2345678,2345678,FAIR_816,40,816,284.0,284.0,True,True,11.866663742036366,11.299329469246098
P1,1,B_best_prioritarian_threshold,PRIORITARIAN,PRIORITARIAN_50000_2345678,2345678,FAIR_836,41,836,284.0,284.0,True,True,11.86895908007685,11.301540673053157
P1,1,B_best_prioritarian_threshold,PRIORITARIAN,PRIORITARIAN_50000_2345678,2345678,FAIR_857,42,857,284.0,284.0,True,True,11.871239712881176,11.303737684269171
P1,1,B_best_prioritarian_threshold,PRIORITARIAN,PRIORITARIAN_50000_2345678,2345678,FAIR_877,43,877,284.0,284.0,True,True,11.873505771082135,11.305920629542843
P1,1,B_best_prioritarian_threshold,PRIORITARIAN,PRIORITARIAN_50000_2345678,2345678,FAIR_898,44,898,284.0,284.0,True,True,11.875757381119385,11.30808963208383
P1,1,B_best_prioritarian_threshold,PRIORITARIAN,PRIORITARIAN_50000_2345678,2345678,FAIR_918,45,918,284.0,284.0,True,True,11.87799465799146,11.31024480589541
P1,1,B_best_prioritarian_threshold,PRIORITARIAN,PRIORITARIAN_50000_2345678,2345678,FAIR_938,46,938,284.0,284.0,True,True,11.88021771921367,11.312386263348293
P1,1,B_best_prioritarian_threshold,PRIORITARIAN,PRIORITARIAN_50000_2345678,2345678,FAIR_959,47,959,284.0,284.0,True,True,11.882426675028405,11.314514112373425
P1,1,B_best_prioritarian_threshold,PRIORITARIAN,PRIORITARIAN_50000_2345678,2345678,FAIR_979,48,979,284.0,284.0,True,True,11.884621613214888,11.316628442571869
P1,1,B_best_prioritarian_threshold,PRIORITARIAN,PRIORITARIAN_50000_2345678,2345678,FAIR_1000,49,1000,284.0,284.0,True,True,11.886802476649507,11.31872923223104
P2,2,D_low_damage_prioritarian,PRIORITARIAN,PRIORITARIAN_50000_9845531,9845531,FAIR_1,0,1,284.0,284.0,True,True,11.965145657700184,11.331735086376707
P2,2,D_low_damage_prioritarian,PRIORITARIAN,PRIORITARIAN_50000_9845531,9845531,FAIR_21,1,21,284.0,284.0,True,True,12.018299330958433,11.390740808981208
P2,2,D_low_damage_prioritarian,PRIORITARIAN,PRIORITARIAN_50000_9845531,9845531,FAIR_41,2,41,284.0,284.0,True,True,12.053985047284408,11.428200304095341
P2,2,D_low_damage_prioritarian,PRIORITARIAN,PRIORITARIAN_50000_9845531,9845531,FAIR_62,3,62,284.0,284.0,True,True,12.074993522739488,11.451886759337
P2,2,D_low_damage_prioritarian,PRIORITARIAN,PRIORITARIAN_50000_9845531,9845531,FAIR_82,4,82,284.0,284.0,True,True,12.087238000424254,11.46564877684938
P2,2,D_low_damage_prioritarian,PRIORITARIAN,PRIORITARIAN_50000_9845531,9845531,FAIR_102,5,102,284.0,284.0,True,True,12.094621175946584,11.47382738287527
P2,2,D_low_damage_prioritarian,PRIORITARIAN,PRIORITARIAN_50000_9845531,9845531,FAIR_123,6,123,284.0,284.0,True,True,12.099410581429577,11.479004090551106
P2,2,D_low_damage_prioritarian,PRIORITARIAN,PRIORITARIAN_50000_9845531,9845531,FAIR_143,7,143,284.0,284.0,True,True,12.10284308395913,11.482604759316215
P2,2,D_low_damage_prioritarian,PRIORITARIAN,PRIORITARIAN_50000_9845531,9845531,FAIR_164,8,164,284.0,284.0,True,True,12.105570970773893,11.48538635807357
P2,2,D_low_damage_prioritarian,PRIORITARIAN,PRIORITARIAN_50000_9845531,9845531,FAIR_184,9,184,284.0,284.0,True,True,12.107932261402144,11.487742497074622
P2,2,D_low_damage_prioritarian,PRIORITARIAN,PRIORITARIAN_50000_9845531,9845531,FAIR_204,10,204,284.0,284.0,True,True,12.110100559245145,11.489875679293455
P2,2,D_low_damage_prioritarian,PRIORITARIAN,PRIORITARIAN_50000_9845531,9845531,FAIR_225,11,225,284.0,284.0,True,True,12.11216463384495,11.4918895350656
P2,2,D_low_damage_prioritarian,PRIORITARIAN,PRIORITARIAN_50000_9845531,9845531,FAIR_245,12,245,284.0,284.0,True,True,12.114170140514911,11.493837045426837
P2,2,D_low_damage_prioritarian,PRIORITARIAN,PRIORITARIAN_50000_9845531,9845531,FAIR_266,13,266,284.0,284.0,True,True,12.116140484093838,11.49574541674825
P2,2,D_low_damage_prioritarian,PRIORITARIAN,PRIORITARIAN_50000_9845531,9845531,FAIR_286,14,286,284.0,284.0,True,True,12.118087151651006,11.497628523022456
P2,2,D_low_damage_prioritarian,PRIORITARIAN,PRIORITARIAN_50000_9845531,9845531,FAIR_306,15,306,284.0,284.0,True,True,12.120016025307592,11.499493217820715
P2,2,D_low_damage_prioritarian,PRIORITARIAN,PRIORITARIAN_50000_9845531,9845531,FAIR_327,16,327,284.0,284.0,True,True,12.1219301700697,11.501343039448695
P2,2,D_low_damage_prioritarian,PRIORITARIAN,PRIORITARIAN_50000_9845531,9845531,FAIR_347,17,347,284.0,284.0,True,True,12.12383118818809,11.503179842923126
P2,2,D_low_damage_prioritarian,PRIORITARIAN,PRIORITARIAN_50000_9845531,9845531,FAIR_367,18,367,284.0,284.0,True,True,12.125719908097926,11.505004603093253
P2,2,D_low_damage_prioritarian,PRIORITARIAN,PRIORITARIAN_50000_9845531,9845531,FAIR_388,19,388,284.0,284.0,True,True,12.127596792444898,11.50681784336693
P2,2,D_low_damage_prioritarian,PRIORITARIAN,PRIORITARIAN_50000_9845531,9845531,FAIR_408,20,408,284.0,284.0,True,True,12.129462117524785,11.50861986975618
P2,2,D_low_damage_prioritarian,PRIORITARIAN,PRIORITARIAN_50000_9845531,9845531,FAIR_429,21,429,284.0,284.0,True,True,12.131316066483679,11.510410878123457
P2,2,D_low_damage_prioritarian,PRIORITARIAN,PRIORITARIAN_50000_9845531,9845531,FAIR_449,22,449,284.0,284.0,True,True,12.133158781568865,11.512191010897691
P2,2,D_low_damage_prioritarian,PRIORITARIAN,PRIORITARIAN_50000_9845531,9845531,FAIR_469,23,469,284.0,284.0,True,True,12.134990364374545,11.513960379171976
P2,2,D_low_damage_prioritarian,PRIORITARIAN,PRIORITARIAN_50000_9845531,9845531,FAIR_490,24,490,284.0,284.0,True,True,12.136810905620525,11.515719072865002
P2,2,D_low_damage_prioritarian,PRIORITARIAN,PRIORITARIAN_50000_9845531,9845531,FAIR_510,25,510,284.0,284.0,True,True,12.138620490170341,11.517467175242862
P2,2,D_low_damage_prioritarian,PRIORITARIAN,PRIORITARIAN_50000_9845531,9845531,FAIR_531,26,531,284.0,284.0,True,True,12.14041919944766,11.519204765737333
P2,2,D_low_damage_prioritarian,PRIORITARIAN,PRIORITARIAN_50000_9845531,9845531,FAIR_551,27,551,284.0,284.0,True,True,12.142207112866151,11.520931921537011
P2,2,D_low_damage_prioritarian,PRIORITARIAN,PRIORITARIAN_50000_9845531,9845531,FAIR_571,28,571,284.0,284.0,True,True,12.143984308352755,11.522648718280035
P2,2,D_low_damage_prioritarian,PRIORITARIAN,PRIORITARIAN_50000_9845531,9845531,FAIR_592,29,592,284.0,284.0,True,True,12.145750863007164,11.524355230652166
P2,2,D_low_damage_prioritarian,PRIORITARIAN,PRIORITARIAN_50000_9845531,9845531,FAIR_612,30,612,284.0,284.0,True,True,12.147506852838552,11.526051532344843
P2,2,D_low_damage_prioritarian,PRIORITARIAN,PRIORITARIAN_50000_9845531,9845531,FAIR_633,31,633,284.0,284.0,True,True,12.149252351445563,11.5277376949959
P2,2,D_low_damage_prioritarian,PRIORITARIAN,PRIORITARIAN_50000_9845531,9845531,FAIR_653,32,653,284.0,284.0,True,True,12.150987451080466,11.529413797250733
P2,2,D_low_damage_prioritarian,PRIORITARIAN,PRIORITARIAN_50000_9845531,9845531,FAIR_673,33,673,284.0,284.0,True,True,12.15271237205329,11.53107997779147
P2,2,D_low_damage_prioritarian,PRIORITARIAN,PRIORITARIAN_50000_9845531,9845531,FAIR_694,34,694,284.0,284.0,True,True,12.154427120010281,11.53273633533007
P2,2,D_low_damage_prioritarian,PRIORITARIAN,PRIORITARIAN_50000_9845531,9845531,FAIR_714,35,714,284.0,284.0,True,True,12.153163612443885,11.533599309920454
P2,2,D_low_damage_prioritarian,PRIORITARIAN,PRIORITARIAN_50000_9845531,9845531,FAIR_734,36,734,284.0,284.0,True,True,12.153308964496944,11.533422950724825
P2,2,D_low_damage_prioritarian,PRIORITARIAN,PRIORITARIAN_50000_9845531,9845531,FAIR_755,37,755,284.0,284.0,True,True,12.154202889715346,11.534125312658537
P2,2,D_low_damage_prioritarian,PRIORITARIAN,PRIORITARIAN_50000_9845531,9845531,FAIR_775,38,775,284.0,284.0,True,True,12.15547339718799,11.535270149521484
P2,2,D_low_damage_prioritarian,PRIORITARIAN,PRIORITARIAN_50000_9845531,9845531,FAIR_796,39,796,284.0,284.0,True,True,12.156931615520762,11.536636397874155
P2,2,D_low_damage_prioritarian,PRIORITARIAN,PRIORITARIAN_50000_9845531,9845531,FAIR_816,40,816,284.0,284.0,True,True,12.158481183334843,11.538111377013982
P2,2,D_low_damage_prioritarian,PRIORITARIAN,PRIORITARIAN_50000_9845531,9845531,FAIR_836,41,836,284.0,284.0,True,True,12.160072828265122,11.53963749252791
P2,2,D_low_damage_prioritarian,PRIORITARIAN,PRIORITARIAN_50000_9845531,9845531,FAIR_857,42,857,284.0,284.0,True,True,12.16168133943137,11.541185276429255
P2,2,D_low_damage_prioritarian,PRIORITARIAN,PRIORITARIAN_50000_9845531,9845531,FAIR_877,43,877,284.0,284.0,True,True,12.1632938192538,11.542739651006409
P2,2,D_low_damage_prioritarian,PRIORITARIAN,PRIORITARIAN_50000_9845531,9845531,FAIR_898,44,898,284.0,284.0,True,True,12.16490368119987,11.544292911122021
P2,2,D_low_damage_prioritarian,PRIORITARIAN,PRIORITARIAN_50000_9845531,9845531,FAIR_918,45,918,284.0,284.0,True,True,12.166507585773743,11.54584114001185
P2,2,D_low_damage_prioritarian,PRIORITARIAN,PRIORITARIAN_50000_9845531,9845531,FAIR_938,46,938,284.0,284.0,True,True,12.16810385079738,11.547382360098856
P2,2,D_low_damage_prioritarian,PRIORITARIAN,PRIORITARIAN_50000_9845531,9845531,FAIR_959,47,959,284.0,284.0,True,True,12.169691643766813,11.548915586391692
P2,2,D_low_damage_prioritarian,PRIORITARIAN,PRIORITARIAN_50000_9845531,9845531,FAIR_979,48,979,284.0,284.0,True,True,12.171270567631106,11.550440342670674
P2,2,D_low_damage_prioritarian,PRIORITARIAN,PRIORITARIAN_50000_9845531,9845531,FAIR_1000,49,1000,284.0,284.0,True,True,12.172840448359826,11.551956413345929
P3,3,E_best_utilitarian_threshold,UTILITARIAN,UTILITARIAN_50000_4567890,4567890,FAIR_1,0,1,284.0,284.0,True,True,12.175787926968638,11.557460271345054
P3,3,E_best_utilitarian_threshold,UTILITARIAN,UTILITARIAN_50000_4567890,4567890,FAIR_21,1,21,284.0,284.0,True,True,12.177986613534353,11.55969820295875
P3,3,E_best_utilitarian_threshold,UTILITARIAN,UTILITARIAN_50000_4567890,4567890,FAIR_41,2,41,284.0,284.0,True,True,12.179872775156861,11.561577548776672
P3,3,E_best_utilitarian_threshold,UTILITARIAN,UTILITARIAN_50000_4567890,4567890,FAIR_62,3,62,284.0,284.0,True,True,12.181591807796002,11.563265823012962
P3,3,E_best_utilitarian_threshold,UTILITARIAN,UTILITARIAN_50000_4567890,4567890,FAIR_82,4,82,284.0,284.0,True,True,12.183219587344285,11.56485052562182
P3,3,E_best_utilitarian_threshold,UTILITARIAN,UTILITARIAN_50000_4567890,4567890,FAIR_102,5,102,284.0,284.0,True,True,12.184795638466051,11.566377249158144
P3,3,E_best_utilitarian_threshold,UTILITARIAN,UTILITARIAN_50000_4567890,4567890,FAIR_123,6,123,284.0,284.0,True,True,12.18634053993222,11.567869731331824
P3,3,E_best_utilitarian_threshold,UTILITARIAN,UTILITARIAN_50000_4567890,4567890,FAIR_143,7,143,284.0,284.0,True,True,12.187865012684117,11.569340334946633
P3,3,E_best_utilitarian_threshold,UTILITARIAN,UTILITARIAN_50000_4567890,4567890,FAIR_164,8,164,284.0,284.0,True,True,12.189374652941595,11.570795508516662
P3,3,E_best_utilitarian_threshold,UTILITARIAN,UTILITARIAN_50000_4567890,4567890,FAIR_184,9,184,284.0,284.0,True,True,12.190872393777756,11.57223862695193
P3,3,E_best_utilitarian_threshold,UTILITARIAN,UTILITARIAN_50000_4567890,4567890,FAIR_204,10,204,284.0,284.0,True,True,12.192359784920985,11.573671468455426
P3,3,E_best_utilitarian_threshold,UTILITARIAN,UTILITARIAN_50000_4567890,4567890,FAIR_225,11,225,284.0,284.0,True,True,12.193837693959576,11.575094987587956
P3,3,E_best_utilitarian_threshold,UTILITARIAN,UTILITARIAN_50000_4567890,4567890,FAIR_245,12,245,284.0,284.0,True,True,12.195306642200842,11.576509731906564
P3,3,E_best_utilitarian_threshold,UTILITARIAN,UTILITARIAN_50000_4567890,4567890,FAIR_266,13,266,284.0,284.0,True,True,12.196766846648856,11.577916021982839
P3,3,E_best_utilitarian_threshold,UTILITARIAN,UTILITARIAN_50000_4567890,4567890,FAIR_286,14,286,284.0,284.0,True,True,12.198218444490537,11.579314005823118
P3,3,E_best_utilitarian_threshold,UTILITARIAN,UTILITARIAN_50000_4567890,4567890,FAIR_306,15,306,284.0,284.0,True,True,12.199661532616068,11.580703785010238
P3,3,E_best_utilitarian_threshold,UTILITARIAN,UTILITARIAN_50000_4567890,4567890,FAIR_327,16,327,284.0,284.0,True,True,12.201096186777054,11.582085436814099
P3,3,E_best_utilitarian_threshold,UTILITARIAN,UTILITARIAN_50000_4567890,4567890,FAIR_347,17,347,284.0,284.0,True,True,12.202522471536861,11.583459025675275
P3,3,E_best_utilitarian_threshold,UTILITARIAN,UTILITARIAN_50000_4567890,4567890,FAIR_367,18,367,284.0,284.0,True,True,12.203940445439814,11.58482460917017
P3,3,E_best_utilitarian_threshold,UTILITARIAN,UTILITARIAN_50000_4567890,4567890,FAIR_388,19,388,284.0,284.0,True,True,12.205350163697842,11.586182241110858
P3,3,E_best_utilitarian_threshold,UTILITARIAN,UTILITARIAN_50000_4567890,4567890,FAIR_408,20,408,284.0,284.0,True,True,12.206751679588217,11.587531973157187
P3,3,E_best_utilitarian_threshold,UTILITARIAN,UTILITARIAN_50000_4567890,4567890,FAIR_429,21,429,284.0,284.0,True,True,12.20814504524656,11.588873855706245
P3,3,E_best_utilitarian_threshold,UTILITARIAN,UTILITARIAN_50000_4567890,4567890,FAIR_449,22,449,284.0,284.0,True,True,12.209530310995342,11.5902079375315
P3,3,E_best_utilitarian_threshold,UTILITARIAN,UTILITARIAN_50000_4567890,4567890,FAIR_469,23,469,284.0,284.0,True,True,12.21090752703984,11.591534266955945
P3,3,E_best_utilitarian_threshold,UTILITARIAN,UTILITARIAN_50000_4567890,4567890,FAIR_490,24,490,284.0,284.0,True,True,12.212276744099968,11.59285289268209
P3,3,E_best_utilitarian_threshold,UTILITARIAN,UTILITARIAN_50000_4567890,4567890,FAIR_510,25,510,284.0,284.0,True,True,12.21363801214541,11.594163862940018
P3,3,E_best_utilitarian_threshold,UTILITARIAN,UTILITARIAN_50000_4567890,4567890,FAIR_531,26,531,284.0,284.0,True,True,12.214991380561301,11.595467225359654
P3,3,E_best_utilitarian_threshold,UTILITARIAN,UTILITARIAN_50000_4567890,4567890,FAIR_551,27,551,284.0,284.0,True,True,12.21633690034457,11.596763028704295
P3,3,E_best_utilitarian_threshold,UTILITARIAN,UTILITARIAN_50000_4567890,4567890,FAIR_571,28,571,284.0,284.0,True,True,12.217674619432623,11.598051319699074
P3,3,E_best_utilitarian_threshold,UTILITARIAN,UTILITARIAN_50000_4567890,4567890,FAIR_592,29,592,284.0,284.0,True,True,12.219004585102917,11.599332143945178
P3,3,E_best_utilitarian_threshold,UTILITARIAN,UTILITARIAN_50000_4567890,4567890,FAIR_612,30,612,284.0,284.0,True,True,12.220326844610423,11.60060554690209
P3,3,E_best_utilitarian_threshold,UTILITARIAN,UTILITARIAN_50000_4567890,4567890,FAIR_633,31,633,284.0,284.0,True,True,12.221641445025755,11.601871573886363
P3,3,E_best_utilitarian_threshold,UTILITARIAN,UTILITARIAN_50000_4567890,4567890,FAIR_653,32,653,284.0,284.0,True,True,12.222948433149574,11.603130269971855
P3,3,E_best_utilitarian_threshold,UTILITARIAN,UTILITARIAN_50000_4567890,4567890,FAIR_673,33,673,284.0,284.0,True,True,12.224247855470328,11.604381679940213
P3,3,E_best_utilitarian_threshold,UTILITARIAN,UTILITARIAN_50000_4567890,4567890,FAIR_694,34,694,284.0,284.0,True,True,12.22553975814448,11.60562584825716
P3,3,E_best_utilitarian_threshold,UTILITARIAN,UTILITARIAN_50000_4567890,4567890,FAIR_714,35,714,284.0,284.0,True,True,12.22682418698841,11.606862819062286
P3,3,E_best_utilitarian_threshold,UTILITARIAN,UTILITARIAN_50000_4567890,4567890,FAIR_734,36,734,284.0,284.0,True,True,12.228101187476133,11.608092636165741
P3,3,E_best_utilitarian_threshold,UTILITARIAN,UTILITARIAN_50000_4567890,4567890,FAIR_755,37,755,284.0,284.0,True,True,12.229370804740215,11.609315343048413
P3,3,E_best_utilitarian_threshold,UTILITARIAN,UTILITARIAN_50000_4567890,4567890,FAIR_775,38,775,284.0,284.0,True,True,12.230633083574125,11.610530982863914
P3,3,E_best_utilitarian_threshold,UTILITARIAN,UTILITARIAN_50000_4567890,4567890,FAIR_796,39,796,284.0,284.0,True,True,12.231888072281231,11.611739601376735
P3,3,E_best_utilitarian_threshold,UTILITARIAN,UTILITARIAN_50000_4567890,4567890,FAIR_816,40,816,284.0,284.0,True,True,12.233135815497244,11.612941242293887
P3,3,E_best_utilitarian_threshold,UTILITARIAN,UTILITARIAN_50000_4567890,4567890,FAIR_836,41,836,284.0,284.0,True,True,12.234376356522482,11.614135947525815
P3,3,E_best_utilitarian_threshold,UTILITARIAN,UTILITARIAN_50000_4567890,4567890,FAIR_857,42,857,284.0,284.0,True,True,12.235609736933538,11.615323757383054
P3,3,E_best_utilitarian_threshold,UTILITARIAN,UTILITARIAN_50000_4567890,4567890,FAIR_877,43,877,284.0,284.0,True,True,12.236835998885178,11.61650471228313
P3,3,E_best_utilitarian_threshold,UTILITARIAN,UTILITARIAN_50000_4567890,4567890,FAIR_898,44,898,284.0,284.0,True,True,12.238055184693478,11.617678852889787
P3,3,E_best_utilitarian_threshold,UTILITARIAN,UTILITARIAN_50000_4567890,4567890,FAIR_918,45,918,284.0,284.0,True,True,12.239267336608423,11.618846219849774
P3,3,E_best_utilitarian_threshold,UTILITARIAN,UTILITARIAN_50000_4567890,4567890,FAIR_938,46,938,284.0,284.0,True,True,12.240472496697615,11.62000685365805
P3,3,E_best_utilitarian_threshold,UTILITARIAN,UTILITARIAN_50000_4567890,4567890,FAIR_959,47,959,284.0,284.0,True,True,12.241670706787518,11.62116079458931
P3,3,E_best_utilitarian_threshold,UTILITARIAN,UTILITARIAN_50000_4567890,4567890,FAIR_979,48,979,284.0,284.0,True,True,12.24286200843455,11.622308082664023
P3,3,E_best_utilitarian_threshold,UTILITARIAN,UTILITARIAN_50000_4567890,4567890,FAIR_1000,49,1000,284.0,284.0,True,True,12.244046442911552,11.623448757632229
P4,4,F_typical_utilitarian_lower_abatement,UTILITARIAN,UTILITARIAN_50000_9845531,9845531,FAIR_1,0,1,284.0,284.0,True,True,12.191346940476004,11.61406826167733
P4,4,F_typical_utilitarian_lower_abatement,UTILITARIAN,UTILITARIAN_50000_9845531,9845531,FAIR_21,1,21,284.0,284.0,True,True,12.163682702800552,11.580736237192108
P4,4,F_typical_utilitarian_lower_abatement,UTILITARIAN,UTILITARIAN_50000_9845531,9845531,FAIR_41,2,41,284.0,284.0,True,True,12.148831073973314,11.5630580974713
P4,4,F_typical_utilitarian_lower_abatement,UTILITARIAN,UTILITARIAN_50000_9845531,9845531,FAIR_62,3,62,284.0,284.0,True,True,12.140762369644953,11.55344170422544
P4,4,F_typical_utilitarian_lower_abatement,UTILITARIAN,UTILITARIAN_50000_9845531,9845531,FAIR_82,4,82,284.0,284.0,True,True,12.136494799747835,11.548278456342832
P4,4,F_typical_utilitarian_lower_abatement,UTILITARIAN,UTILITARIAN_50000_9845531,9845531,FAIR_102,5,102,284.0,284.0,True,True,12.134423758471884,11.545668178204066
P4,4,F_typical_utilitarian_lower_abatement,UTILITARIAN,UTILITARIAN_50000_9845531,9845531,FAIR_123,6,123,284.0,284.0,True,True,12.133643665114018,11.544551813753758
P4,4,F_typical_utilitarian_lower_abatement,UTILITARIAN,UTILITARIAN_50000_9845531,9845531,FAIR_143,7,143,284.0,284.0,True,True,12.133629142203231,11.544319435127386
P4,4,F_typical_utilitarian_lower_abatement,UTILITARIAN,UTILITARIAN_50000_9845531,9845531,FAIR_164,8,164,284.0,284.0,True,True,12.134070371815168,11.544612933662542
P4,4,F_typical_utilitarian_lower_abatement,UTILITARIAN,UTILITARIAN_50000_9845531,9845531,FAIR_184,9,184,284.0,284.0,True,True,12.134782875293986,11.545219629730198
P4,4,F_typical_utilitarian_lower_abatement,UTILITARIAN,UTILITARIAN_50000_9845531,9845531,FAIR_204,10,204,284.0,284.0,True,True,12.13565617270961,11.546012351088104
P4,4,F_typical_utilitarian_lower_abatement,UTILITARIAN,UTILITARIAN_50000_9845531,9845531,FAIR_225,11,225,284.0,284.0,True,True,12.136623870783776,11.546914744535657
P4,4,F_typical_utilitarian_lower_abatement,UTILITARIAN,UTILITARIAN_50000_9845531,9845531,FAIR_245,12,245,284.0,284.0,True,True,12.137646001412321,11.547880865790722
P4,4,F_typical_utilitarian_lower_abatement,UTILITARIAN,UTILITARIAN_50000_9845531,9845531,FAIR_266,13,266,284.0,284.0,True,True,12.138698477724903,11.548883034232675
P4,4,F_typical_utilitarian_lower_abatement,UTILITARIAN,UTILITARIAN_50000_9845531,9845531,FAIR_286,14,286,284.0,284.0,True,True,12.13976677900078,11.549904563255769
P4,4,F_typical_utilitarian_lower_abatement,UTILITARIAN,UTILITARIAN_50000_9845531,9845531,FAIR_306,15,306,284.0,284.0,True,True,12.140842153586219,11.550935394274447
P4,4,F_typical_utilitarian_lower_abatement,UTILITARIAN,UTILITARIAN_50000_9845531,9845531,FAIR_327,16,327,284.0,284.0,True,True,12.141919331378144,11.551969467856898
P4,4,F_typical_utilitarian_lower_abatement,UTILITARIAN,UTILITARIAN_50000_9845531,9845531,FAIR_347,17,347,284.0,284.0,True,True,12.142995144149609,11.553003138672716
P4,4,F_typical_utilitarian_lower_abatement,UTILITARIAN,UTILITARIAN_50000_9845531,9845531,FAIR_367,18,367,284.0,284.0,True,True,12.144067692862404,11.554034219032594
P4,4,F_typical_utilitarian_lower_abatement,UTILITARIAN,UTILITARIAN_50000_9845531,9845531,FAIR_388,19,388,284.0,284.0,True,True,12.14513584491267,11.555061401467457
P4,4,F_typical_utilitarian_lower_abatement,UTILITARIAN,UTILITARIAN_50000_9845531,9845531,FAIR_408,20,408,284.0,284.0,True,True,12.146198930515974,11.556083910044867
P4,4,F_typical_utilitarian_lower_abatement,UTILITARIAN,UTILITARIAN_50000_9845531,9845531,FAIR_429,21,429,284.0,284.0,True,True,12.147256559280025,11.557101289743583
P4,4,F_typical_utilitarian_lower_abatement,UTILITARIAN,UTILITARIAN_50000_9845531,9845531,FAIR_449,22,449,284.0,284.0,True,True,12.148308509396774,11.558113279211735
P4,4,F_typical_utilitarian_lower_abatement,UTILITARIAN,UTILITARIAN_50000_9845531,9845531,FAIR_469,23,469,284.0,284.0,True,True,12.149354661489047,11.559119734472048
P4,4,F_typical_utilitarian_lower_abatement,UTILITARIAN,UTILITARIAN_50000_9845531,9845531,FAIR_490,24,490,284.0,284.0,True,True,12.15039495740848,11.560120582135896
P4,4,F_typical_utilitarian_lower_abatement,UTILITARIAN,UTILITARIAN_50000_9845531,9845531,FAIR_510,25,510,284.0,284.0,True,True,12.151429375424927,11.561115790875489
P4,4,F_typical_utilitarian_lower_abatement,UTILITARIAN,UTILITARIAN_50000_9845531,9845531,FAIR_531,26,531,284.0,284.0,True,True,12.152457916141238,11.562105354867704
P4,4,F_typical_utilitarian_lower_abatement,UTILITARIAN,UTILITARIAN_50000_9845531,9845531,FAIR_551,27,551,284.0,284.0,True,True,12.153480593562657,11.563089283722407
P4,4,F_typical_utilitarian_lower_abatement,UTILITARIAN,UTILITARIAN_50000_9845531,9845531,FAIR_571,28,571,284.0,284.0,True,True,12.15449742969954,11.56406759628404
P4,4,F_typical_utilitarian_lower_abatement,UTILITARIAN,UTILITARIAN_50000_9845531,9845531,FAIR_592,29,592,284.0,284.0,True,True,12.155508451356194,11.565040316923515
P4,4,F_typical_utilitarian_lower_abatement,UTILITARIAN,UTILITARIAN_50000_9845531,9845531,FAIR_612,30,612,284.0,284.0,True,True,12.156513688063306,11.566007473218521
P4,4,F_typical_utilitarian_lower_abatement,UTILITARIAN,UTILITARIAN_50000_9845531,9845531,FAIR_633,31,633,284.0,284.0,True,True,12.15751317093323,11.566969094594317
P4,4,F_typical_utilitarian_lower_abatement,UTILITARIAN,UTILITARIAN_50000_9845531,9845531,FAIR_653,32,653,284.0,284.0,True,True,12.1585069319615,11.567925211525113
P4,4,F_typical_utilitarian_lower_abatement,UTILITARIAN,UTILITARIAN_50000_9845531,9845531,FAIR_673,33,673,284.0,284.0,True,True,12.159495003592763,11.5688758550408
P4,4,F_typical_utilitarian_lower_abatement,UTILITARIAN,UTILITARIAN_50000_9845531,9845531,FAIR_694,34,694,284.0,284.0,True,True,12.160477418459392,11.569821056426294
P4,4,F_typical_utilitarian_lower_abatement,UTILITARIAN,UTILITARIAN_50000_9845531,9845531,FAIR_714,35,714,284.0,284.0,True,True,12.161454209224356,11.570760847040875
P4,4,F_typical_utilitarian_lower_abatement,UTILITARIAN,UTILITARIAN_50000_9845531,9845531,FAIR_734,36,734,284.0,284.0,True,True,12.162425408487037,11.57169525820963
P4,4,F_typical_utilitarian_lower_abatement,UTILITARIAN,UTILITARIAN_50000_9845531,9845531,FAIR_755,37,755,284.0,284.0,True,True,12.163391048727123,11.5726243211587
P4,4,F_typical_utilitarian_lower_abatement,UTILITARIAN,UTILITARIAN_50000_9845531,9845531,FAIR_775,38,775,284.0,284.0,True,True,12.164351162271355,11.57354806697679
P4,4,F_typical_utilitarian_lower_abatement,UTILITARIAN,UTILITARIAN_50000_9845531,9845531,FAIR_796,39,796,284.0,284.0,True,True,12.165305781387158,11.574466526673637
P4,4,F_typical_utilitarian_lower_abatement,UTILITARIAN,UTILITARIAN_50000_9845531,9845531,FAIR_816,40,816,284.0,284.0,True,True,12.166254939481844,11.575379732064821
P4,4,F_typical_utilitarian_lower_abatement,UTILITARIAN,UTILITARIAN_50000_9845531,9845531,FAIR_836,41,836,284.0,284.0,True,True,12.167198667729359,11.576287713670384
P4,4,F_typical_utilitarian_lower_abatement,UTILITARIAN,UTILITARIAN_50000_9845531,9845531,FAIR_857,42,857,284.0,284.0,True,True,12.168136997335965,11.577190501441924
P4,4,F_typical_utilitarian_lower_abatement,UTILITARIAN,UTILITARIAN_50000_9845531,9845531,FAIR_877,43,877,284.0,284.0,True,True,12.169069959466402,11.578088125320043
P4,4,F_typical_utilitarian_lower_abatement,UTILITARIAN,UTILITARIAN_50000_9845531,9845531,FAIR_898,44,898,284.0,284.0,True,True,12.169997585183529,11.578980615164735
P4,4,F_typical_utilitarian_lower_abatement,UTILITARIAN,UTILITARIAN_50000_9845531,9845531,FAIR_918,45,918,284.0,284.0,True,True,12.170919905412562,11.579868000713965
P4,4,F_typical_utilitarian_lower_abatement,UTILITARIAN,UTILITARIAN_50000_9845531,9845531,FAIR_938,46,938,284.0,284.0,True,True,12.171836947043719,11.580750308752208
P4,4,F_typical_utilitarian_lower_abatement,UTILITARIAN,UTILITARIAN_50000_9845531,9845531,FAIR_959,47,959,284.0,284.0,True,True,12.172748741373637,11.58162756820798
P4,4,F_typical_utilitarian_lower_abatement,UTILITARIAN,UTILITARIAN_50000_9845531,9845531,FAIR_979,48,979,284.0,284.0,True,True,12.173655361290608,11.582499839289236
P4,4,F_typical_utilitarian_lower_abatement,UTILITARIAN,UTILITARIAN_50000_9845531,9845531,FAIR_1000,49,1000,284.0,284.0,True,True,12.174556830227226,11.583367157224405
