welfare_lens,reference_set_row,fraction_above_threshold,welfare_loss_damage,welfare_loss_abatement
PRIORITARIAN,0,1.0,11508.428160362017,166609.95970453107
PRIORITARIAN,1,0.4,34643.63357410777,92526.34968892006
PRIORITARIAN,2,0.5,34035.68913774523,94340.013085217
PRIORITARIAN,3,0.6,33424.51757238152,96498.61617256473
PRIORITARIAN,4,0.6,33795.993808377694,95713.06427514848
PRIORITARIAN,5,0.5,34136.14888091144,93594.97711892796
PRIORITARIAN,6,1.0,20332.55255001128,152712.35444413335
PRIORITARIAN,7,1.0,20182.2909032862,153502.42669864825
PRIORITARIAN,8,0.4,34102.50944595278,95561.43047775666
PRIORITARIAN,9,0.4,34326.77804154191,93004.15846087296
PRIORITARIAN,10,0.4,34201.19149676763,90548.84042178394
PRIORITARIAN,11,0.3,35330.169057890686,52271.12164162346
PRIORITARIAN,12,1.0,17345.628252687937,159851.79245421075
PRIORITARIAN,13,0.4,34399.27772345644,94276.65762337712
PRIORITARIAN,14,0.6,24027.02127853271,134923.57658583912
PRIORITARIAN,15,0.5,33809.82072723656,92527.60426779732
PRIORITARIAN,16,0.3,35351.15890269201,49300.7537980559
PRIORITARIAN,17,0.5,33928.767527845426,92456.6952264886
PRIORITARIAN,18,1.0,16129.015566839103,160189.32763464237
PRIORITARIAN,19,1.0,20391.88373822959,151771.4365658614
PRIORITARIAN,20,0.4,34892.32864511939,91539.43628235946
PRIORITARIAN,21,0.4,34906.096756441344,90547.17592829306
PRIORITARIAN,22,0.6,23965.22527483399,134174.50620685652
PRIORITARIAN,23,1.0,18797.52014000988,158389.3655428565
PRIORITARIAN,24,1.0,19425.43262024724,155003.49648832204
PRIORITARIAN,25,1.0,17823.72334049167,159495.84106224836
PRIORITARIAN,26,0.6,28949.85043677206,123878.39716612862
PRIORITARIAN,27,1.0,20445.642770736973,151669.81413616546
PRIORITARIAN,28,0.6,24779.706884376566,132101.7787484306
PRIORITARIAN,29,0.3,35484.5575476098,49056.965768330985
PRIORITARIAN,30,0.4,34254.04247227378,93032.75205649337
PRIORITARIAN,31,1.0,19085.27399908449,157531.60024770256
PRIORITARIAN,32,0.6,24901.527878520978,132083.40417117515
PRIORITARIAN,33,0.6,27664.04144789032,131126.20672922535
PRIORITARIAN,34,0.5,29963.17551372174,123735.37764014004
PRIORITARIAN,35,0.3,35350.82008554238,51452.96692697766
PRIORITARIAN,36,1.0,20344.463046485795,152609.12380054238
PRIORITARIAN,37,1.0,18989.123060394617,157626.24641855195
PRIORITARIAN,38,0.6,33973.2662508939,95588.26147152005
PRIORITARIAN,39,1.0,18081.03126878381,159367.69154507236
PRIORITARIAN,40,0.6,33410.605196225966,95614.07917186394
PRIORITARIAN,41,1.0,18976.75596523292,157964.5239320216
PRIORITARIAN,42,0.5,34557.17686708141,90978.83817701128
PRIORITARIAN,43,0.6,25735.785941672988,131699.38727579627
PRIORITARIAN,44,1.0,20652.98040077929,150989.1934614181
PRIORITARIAN,45,1.0,13155.913358757163,162201.46431909068
PRIORITARIAN,46,1.0,18865.481483192056,158289.6789797569
PRIORITARIAN,47,0.6,24656.430656731394,133411.60052984962
PRIORITARIAN,48,0.5,34166.069976620114,93469.48503591436
PRIORITARIAN,49,0.7,22871.85301081191,137329.9201973421
PRIORITARIAN,50,0.4,34892.255877491305,92026.36116941848
PRIORITARIAN,51,0.6,34000.0142849305,97219.39927952195
PRIORITARIAN,52,0.6,24420.227305238863,133635.47579945164
PRIORITARIAN,53,0.6,24193.96227383365,133812.43246521289
PRIORITARIAN,54,0.4,34377.451321078086,94420.7838863152
PRIORITARIAN,55,1.0,19233.72952954598,157271.63547849568
PRIORITARIAN,56,1.0,12776.753423057571,162746.67971663846
PRIORITARIAN,57,1.0,13022.835390053044,162621.99203619477
PRIORITARIAN,58,1.0,13121.004691254891,162444.77984257494
PRIORITARIAN,59,1.0,17846.988448911692,159486.29021960008
PRIORITARIAN,60,0.6,33409.79149623649,95693.56858010365
PRIORITARIAN,61,1.0,20386.909378640965,151904.99154824833
PRIORITARIAN,62,1.0,19345.28587714611,156397.98115300958
PRIORITARIAN,63,1.0,17651.113440069686,159708.51045127102
PRIORITARIAN,64,1.0,20946.86115737776,148956.2410945534
PRIORITARIAN,65,1.0,20549.458785778752,151073.45776045622
PRIORITARIAN,66,1.0,20257.74298612814,153440.6251059741
PRIORITARIAN,67,0.4,29794.45173238827,123340.75644391174
PRIORITARIAN,68,0.6,34866.44866510939,90348.35207811843
PRIORITARIAN,69,0.7,22520.101489151413,139291.66979438337
PRIORITARIAN,70,0.6,25017.39739687044,132985.08576452918
PRIORITARIAN,71,0.4,34205.71911165313,96308.50100319748
PRIORITARIAN,72,0.6,33286.43309501998,93799.77203748663
PRIORITARIAN,73,0.6,34985.207020601425,89025.61938575597
PRIORITARIAN,74,0.4,34211.325235065306,95373.9183178768
PRIORITARIAN,75,1.0,16103.241199431905,160723.53468370368
PRIORITARIAN,76,0.7,22757.609451066503,137404.11754836718
PRIORITARIAN,77,1.0,20832.389323327,150681.8015429873
PRIORITARIAN,78,0.5,34082.173806118146,96977.18004010756
PRIORITARIAN,79,0.6,25617.11940424381,131706.59367780143
PRIORITARIAN,80,0.4,34345.3187422582,92973.56298871788
PRIORITARIAN,81,0.4,34281.33379034016,95631.38095487784
PRIORITARIAN,82,0.6,24660.417206136623,132276.0690072869
PRIORITARIAN,83,1.0,18625.45038942552,158855.14359106348
PRIORITARIAN,84,0.6,28258.99158688359,131071.98500120731
PRIORITARIAN,85,1.0,20267.12605108224,153374.87056340504
PRIORITARIAN,86,0.3,34928.84452293297,86908.45528694877
PRIORITARIAN,87,0.4,34636.47635204284,92021.9879570127
PRIORITARIAN,88,1.0,11552.259875506736,164516.2404227524
PRIORITARIAN,89,0.2,35224.59243747802,20971.72297423959
PRIORITARIAN,90,1.0,11512.4941755772,164838.78744741614
PRIORITARIAN,91,0.6,35978.645292070505,14725.185500097086
PRIORITARIAN,92,0.5,32757.577191865064,120141.61397694796
PRIORITARIAN,93,0.6,33232.22564687944,104615.69383694524
PRIORITARIAN,94,0.9,21314.850479792087,144989.1376794253
PRIORITARIAN,95,0.3,35759.121406264385,40698.18890525405
PRIORITARIAN,96,1.0,19584.56731777648,154909.1093450432
PRIORITARIAN,97,0.2,35461.50553243911,38717.5188132273
PRIORITARIAN,98,0.3,35747.34449539233,40703.37033956448
PRIORITARIAN,99,0.4,35954.11531655981,14892.403025183956
PRIORITARIAN,100,0.2,35193.202024053855,21023.77068503809
PRIORITARIAN,101,0.4,35240.80943666756,77200.34317856477
PRIORITARIAN,102,0.4,32883.93096965731,108751.010866316
PRIORITARIAN,103,0.4,35540.21143546436,73247.56411130213
PRIORITARIAN,104,0.4,35710.992202640446,20472.70822637495
PRIORITARIAN,105,0.4,33181.844876410185,108256.45998386136
PRIORITARIAN,106,0.6,35997.891992958626,14591.691750361424
PRIORITARIAN,107,0.2,35854.174355053176,19596.55266886245
PRIORITARIAN,108,0.6,35464.85194974863,73908.63685031519
PRIORITARIAN,109,0.6,32874.71161750116,108762.01459771911
PRIORITARIAN,110,0.4,35853.86380221963,39478.34323782471
PRIORITARIAN,111,1.0,11642.52067715574,163746.18156535094
PRIORITARIAN,112,0.6,35589.63940201058,69861.54306453344
PRIORITARIAN,113,1.0,19761.75616852337,154547.84566665615
PRIORITARIAN,114,0.4,32780.640091093155,120230.72454068184
PRIORITARIAN,115,0.4,35466.16271354093,73407.57382817194
PRIORITARIAN,116,0.6,34941.38269055377,75387.83734517472
PRIORITARIAN,117,0.4,32470.142122764388,120932.51366354416
PRIORITARIAN,118,0.4,35651.45963539544,43810.87153933121
PRIORITARIAN,119,0.4,35957.32312773097,14776.016129813856
PRIORITARIAN,120,0.4,35965.0903407294,14790.304035268537
PRIORITARIAN,121,0.3,35255.25323812937,77103.88967164402
PRIORITARIAN,122,0.4,35843.831597736484,40080.550513577255
PRIORITARIAN,123,0.3,35694.61541306705,43794.93930844507
PRIORITARIAN,124,0.3,35180.07890198598,77713.40559552803
PRIORITARIAN,125,0.4,35997.43868264392,14583.403934412298
PRIORITARIAN,126,0.4,32567.731816995245,120806.9747155908
PRIORITARIAN,127,0.6,31813.5081481263,121156.61341557912
PRIORITARIAN,128,0.4,32742.005256671146,120547.00741575703
PRIORITARIAN,129,0.6,35954.1376719132,15844.908061929453
PRIORITARIAN,130,0.4,35623.65589336696,64797.05628378787
PRIORITARIAN,131,0.2,35345.46861665289,20871.548419067505
PRIORITARIAN,132,0.5,32959.76492151208,108325.5368144839
PRIORITARIAN,133,0.5,32994.202537341225,108424.95239826413
PRIORITARIAN,134,0.4,32433.30001827376,121021.23515992524
PRIORITARIAN,135,0.4,36048.42995829156,14123.61462277264
PRIORITARIAN,136,0.6,32517.311782218087,120959.3562892844
PRIORITARIAN,137,0.5,35379.6782261323,74852.98109232646
PRIORITARIAN,138,0.4,35175.88455949931,75260.78275523636
PRIORITARIAN,139,0.6,35661.58619213752,44001.12860635501
PRIORITARIAN,140,0.2,36129.68797874365,13649.609765168178
PRIORITARIAN,141,0.6,35873.419736995886,15922.56850045265
PRIORITARIAN,142,0.3,35305.021201711366,76952.92800953845
PRIORITARIAN,143,0.4,35630.16340139386,68031.74975846236
PRIORITARIAN,144,0.4,35483.13656982971,75123.6043030349
PRIORITARIAN,145,0.6,32637.077195035185,120591.29579157116
PRIORITARIAN,146,0.3,35296.278483830734,77046.66195228824
PRIORITARIAN,147,0.6,35589.40674804807,73868.22363176986
PRIORITARIAN,148,0.4,35541.83809761226,73902.5100204185
PRIORITARIAN,149,0.6,36001.08690280018,14389.050444640628
PRIORITARIAN,150,0.6,35731.812994253065,16407.159400218698
PRIORITARIAN,151,0.3,35310.59258122624,76350.34454809119
PRIORITARIAN,152,0.4,35945.04997832007,15134.607018230245
PRIORITARIAN,153,0.2,35453.31342290555,39795.78566328864
PRIORITARIAN,154,0.4,32913.13557050274,108485.88540951988
PRIORITARIAN,155,0.4,35896.191471688566,38992.14494597004
PRIORITARIAN,156,0.4,35331.8981544166,74481.2455192763
PRIORITARIAN,157,0.4,35170.261071879024,74922.43891337022
PRIORITARIAN,158,0.4,35577.03733228818,73631.1763057533
PRIORITARIAN,159,0.6,35651.78283699199,44279.14045587408
PRIORITARIAN,160,0.4,35614.324784436976,68471.0573775206
PRIORITARIAN,161,0.3,35328.89271181957,75436.14085893649
PRIORITARIAN,162,0.6,35988.48338425788,14617.708057953136
PRIORITARIAN,163,0.3,35832.90671743908,40535.00366804897
PRIORITARIAN,164,0.4,35425.243831601016,73903.81948642436
PRIORITARIAN,165,0.2,36088.09504636072,13805.304566362369
PRIORITARIAN,166,0.4,35971.7645989559,14617.97936673111
PRIORITARIAN,167,0.3,35823.1703740481,40733.27411932212
PRIORITARIAN,168,0.4,33099.51134014319,108334.2929642767
PRIORITARIAN,169,0.4,32621.004981512044,120858.96359517863
PRIORITARIAN,170,0.4,35718.16944549055,41703.43894037041
PRIORITARIAN,171,0.6,35742.35607101941,15972.366592964629
PRIORITARIAN,172,0.4,35256.702610369786,74811.62080492351
PRIORITARIAN,173,0.6,34390.95588723056,93182.0122648544
PRIORITARIAN,174,0.4,34859.569805556326,94044.44065122248
PRIORITARIAN,175,0.5,29652.09134489684,127031.97685100876
PRIORITARIAN,176,0.6,34119.35836782151,94783.57166003907
PRIORITARIAN,177,0.3,35160.06471798902,76784.88056797945
PRIORITARIAN,178,1.0,19855.25623337405,154070.2518554405
PRIORITARIAN,179,1.0,20833.322231840528,149537.3321985105
PRIORITARIAN,180,0.6,34257.93042171627,93833.86752988948
PRIORITARIAN,181,0.4,35126.33995372219,85404.02320040918
PRIORITARIAN,182,0.7,22860.737154638387,135857.21546969784
PRIORITARIAN,183,0.3,35126.982699073465,76987.29694607308
PRIORITARIAN,184,0.6,34043.30493861894,94826.39752576251
PRIORITARIAN,185,0.6,34271.366400991086,93614.52435822204
PRIORITARIAN,186,0.5,34200.34057804337,94531.68634871572
PRIORITARIAN,187,0.9,21086.68031221802,147854.52965217616
PRIORITARIAN,188,0.5,34227.17949958623,94113.47943466698
PRIORITARIAN,189,0.7,34153.57839839163,94327.5406999243
PRIORITARIAN,190,1.0,18656.03023985061,157708.15249461582
PRIORITARIAN,191,0.9,20970.84444322632,147933.78184795773
PRIORITARIAN,192,0.4,34893.8250470362,90763.11027679908
PRIORITARIAN,193,0.3,35241.79361936693,49878.15382867194
PRIORITARIAN,194,1.0,19453.09454351712,156178.27668500534
PRIORITARIAN,195,1.0,19325.43210376712,156766.69034772157
PRIORITARIAN,196,0.4,35096.19991566354,85917.92164173024
PRIORITARIAN,197,1.0,20947.13553270574,148711.66609273572
PRIORITARIAN,198,1.0,20768.727715460973,149767.83065860922
PRIORITARIAN,199,0.6,25971.012445989287,131701.57471032982
PRIORITARIAN,200,0.4,34992.14429963842,77238.59802351276
PRIORITARIAN,201,0.6,28940.13713028308,127428.30778511288
PRIORITARIAN,202,0.6,34720.292179623735,92314.0545315224
PRIORITARIAN,203,0.3,35495.34269993984,48626.69354270926
PRIORITARIAN,204,1.0,18982.08766467385,157462.4197642937
PRIORITARIAN,205,1.0,19500.8400549516,154944.5387342415
PRIORITARIAN,206,1.0,15526.000595183958,161118.3267696681
PRIORITARIAN,207,1.0,19439.13736084881,156282.8095235636
PRIORITARIAN,208,0.7,34036.525466744344,95417.33021711104
PRIORITARIAN,209,0.4,33988.4762853563,90849.10769117562
PRIORITARIAN,210,0.7,23097.606049517668,135086.70936980407
PRIORITARIAN,211,0.4,35011.881547568904,86207.7017079384
PRIORITARIAN,212,1.0,19701.93349695812,154269.00102795457
PRIORITARIAN,213,0.3,35170.13500215301,69153.26590052027
PRIORITARIAN,214,0.8,34844.83782300273,92133.7775446542
PRIORITARIAN,215,0.6,25613.41430000688,132077.2383343846
PRIORITARIAN,216,0.4,34995.46763925621,85920.33159475756
PRIORITARIAN,217,0.3,35203.238404884054,67701.4860112181
PRIORITARIAN,218,1.0,20654.150609379853,149894.41166662623
PRIORITARIAN,219,1.0,20116.261743146664,153811.97036034687
PRIORITARIAN,220,1.0,14472.364165584528,162101.78969372733
PRIORITARIAN,221,0.6,34883.18262166415,92084.3217986546
PRIORITARIAN,222,0.6,34661.21581380876,92992.01362016697
PRIORITARIAN,223,0.4,35092.19651298069,77107.71064675784
PRIORITARIAN,224,0.7,22210.11691651386,144476.35378063962
PRIORITARIAN,225,0.4,35130.22178567182,79043.86177531054
PRIORITARIAN,226,1.0,16033.757488421365,161060.30386948952
PRIORITARIAN,227,0.6,34944.933774803845,89566.23156077445
PRIORITARIAN,228,1.0,14690.090055815752,161717.24239399846
PRIORITARIAN,229,0.5,29537.240485385537,127426.32579025438
PRIORITARIAN,230,0.6,24905.097747038795,117977.04080284842
PRIORITARIAN,231,1.0,16794.58465159098,160042.06311634052
PRIORITARIAN,232,0.5,29193.183476325525,127667.6335682578
PRIORITARIAN,233,0.6,34674.09985883994,92511.08675884052
PRIORITARIAN,234,1.0,19825.8434647032,154179.4485350095
PRIORITARIAN,235,0.9,21086.661842577065,146499.52808328174
PRIORITARIAN,236,1.0,14968.98856647288,161232.91600357846
PRIORITARIAN,237,0.9,20966.811671877786,148694.87747329602
PRIORITARIAN,238,0.6,34012.236883362944,96625.83662411167
PRIORITARIAN,239,0.7,23331.52581865987,134333.32500935765
PRIORITARIAN,240,0.4,34896.2141346895,90035.7640554387
PRIORITARIAN,241,0.6,34496.601229874606,93868.4262127326
PRIORITARIAN,242,0.7,22873.000275551643,135627.95720846264
PRIORITARIAN,243,0.3,35015.3504923149,69738.42659280161
PRIORITARIAN,244,0.3,34996.05412167561,69915.06761157204
PRIORITARIAN,245,0.7,22659.759382600216,135105.75386576864
PRIORITARIAN,246,0.3,34936.83031560485,70080.4666091973
PRIORITARIAN,247,0.6,34750.807994707626,78430.95943692212
PRIORITARIAN,248,0.5,31011.78770640952,123570.91521469071
PRIORITARIAN,249,0.3,34974.13774348784,76854.8043288466
PRIORITARIAN,250,0.5,31566.99077936653,122422.49837150156
PRIORITARIAN,251,0.4,34834.46165311741,76487.6347484568
PRIORITARIAN,252,0.4,32078.99290038031,122945.90953303392
PRIORITARIAN,253,1.0,20832.099754856783,149903.45959618606
PRIORITARIAN,254,0.4,34683.34497500499,78603.45249844732
PRIORITARIAN,255,0.4,35057.05829489705,16005.36465148272
PRIORITARIAN,256,1.0,20946.0788379964,149378.4449989534
PRIORITARIAN,257,0.3,35685.882248369206,13330.507426754111
PRIORITARIAN,258,1.0,20851.57372308961,149433.1862395309
PRIORITARIAN,259,0.3,35073.56485724068,29069.136442221123
PRIORITARIAN,260,1.0,11619.693859213892,164003.50933113854
PRIORITARIAN,261,0.4,31445.189297776327,123404.6546479262
PRIORITARIAN,262,0.7,22451.64911476277,139399.26172488698
PRIORITARIAN,263,0.3,34969.60361386997,80235.80905430397
PRIORITARIAN,264,0.5,31834.378343805405,118524.28463279556
PRIORITARIAN,265,0.5,31722.53656486084,123459.94486586972
PRIORITARIAN,266,1.0,12091.9563466018,163407.57012883734
PRIORITARIAN,267,0.3,35054.327417811364,76754.63963789139
PRIORITARIAN,268,0.4,32180.370380783024,122421.02265246192
PRIORITARIAN,269,1.0,12140.540187552166,163236.3597129105
PRIORITARIAN,270,0.6,30115.038149122152,123641.94233271344
PRIORITARIAN,271,1.0,20843.5622058806,149650.35358259745
PRIORITARIAN,272,0.3,35082.45618688769,69339.66363957152
PRIORITARIAN,273,1.0,12401.386098597215,163032.2099843362
PRIORITARIAN,274,0.4,31682.56432966116,123370.49082096016
PRIORITARIAN,275,0.5,34858.87741577952,80401.36649322082
PRIORITARIAN,276,0.3,35695.85466432865,13329.66235931827
PRIORITARIAN,277,0.4,34851.92102581329,80393.81932277296
PRIORITARIAN,278,0.4,35044.23503131325,28139.477648934608
PRIORITARIAN,279,0.5,31941.18229558911,104571.5306237862
PRIORITARIAN,280,0.4,32157.980609689635,122588.57182362392
PRIORITARIAN,281,0.5,30308.30969490228,122630.14842656508
PRIORITARIAN,282,0.6,34527.77158856593,84394.29660553334
PRIORITARIAN,283,0.4,32148.38454316293,122853.48036763676
PRIORITARIAN,284,0.4,31757.24354131045,123370.55880752049
PRIORITARIAN,285,0.4,34732.96193787131,31112.341020981577
PRIORITARIAN,286,0.7,22572.364238323808,137829.3123951053
PRIORITARIAN,287,0.4,34977.78651948866,29892.500199735383
PRIORITARIAN,288,1.0,11554.42737446173,164246.4253983047
PRIORITARIAN,289,0.7,22323.352344081868,141637.19467632772
PRIORITARIAN,290,0.4,31704.931914562985,118539.52487858408
PRIORITARIAN,291,0.5,29953.22774885581,122740.51630309084
PRIORITARIAN,292,0.3,35586.60947482704,13434.251246592565
PRIORITARIAN,293,0.2,36391.99474168516,13440.084426368432
PRIORITARIAN,294,0.2,36460.6378457336,13218.51422972049
PRIORITARIAN,295,0.2,36453.45095573544,13255.74338190312
PRIORITARIAN,296,0.2,36425.269142267854,13262.031008985969
PRIORITARIAN,297,0.4,35755.38251963328,15885.983254731653
PRIORITARIAN,298,0.3,35930.10054564608,15340.024105263612
PRIORITARIAN,299,0.3,34832.74458204718,85320.68790216243
PRIORITARIAN,300,0.2,36281.68357296109,13761.178054862065
PRIORITARIAN,301,0.3,35941.34878016087,14328.957857038991
PRIORITARIAN,302,0.5,34518.40626918158,89623.9333239448
PRIORITARIAN,303,0.3,35086.19729613165,86232.32098790126
PRIORITARIAN,304,0.2,36305.220311373385,13828.949399785342
PRIORITARIAN,305,0.2,35925.25297156451,14261.708375556604
PRIORITARIAN,306,0.2,36006.082594362386,14267.232888868515
PRIORITARIAN,307,0.4,32158.39883548769,122719.8841700363
PRIORITARIAN,308,0.2,36103.83861019705,14147.879325331269
PRIORITARIAN,309,0.2,35912.32271657398,13833.936586770487
PRIORITARIAN,310,0.3,35023.46894381255,85136.36350407854
PRIORITARIAN,311,0.5,34347.76058692504,85354.62231000478
PRIORITARIAN,312,0.4,35889.097354231126,15468.090283172623
PRIORITARIAN,313,0.4,35890.81355477229,14763.067889797148
PRIORITARIAN,314,0.2,36411.85881050114,13410.427394139342
PRIORITARIAN,315,0.6,29357.40198647752,127411.90514416964
PRIORITARIAN,316,0.5,32039.744690200023,122641.42797128396
PRIORITARIAN,317,0.6,23968.622859439067,132323.67880439508
PRIORITARIAN,318,0.2,36331.27408225143,13494.67617309263
PRIORITARIAN,319,0.6,26807.26778848193,128351.0328858118
PRIORITARIAN,320,0.2,36190.31616378906,13706.720786486614
PRIORITARIAN,321,0.3,35992.30498950698,14385.196302724711
PRIORITARIAN,322,0.5,34891.708290464405,82809.0278691606
PRIORITARIAN,323,0.4,31858.8400320657,117713.1098098643
PRIORITARIAN,324,0.6,33418.225540506406,96245.4631245328
PRIORITARIAN,325,0.5,34299.356428278064,92365.57595873508
PRIORITARIAN,326,0.2,36019.18611320887,14153.304312907932
PRIORITARIAN,327,0.4,31902.258137185985,116920.9307797327
PRIORITARIAN,328,0.6,23970.06523285916,131887.5397736642
PRIORITARIAN,329,0.4,34965.17726468716,89325.8465016917
PRIORITARIAN,330,0.6,27271.73763105284,128070.83974897455
PRIORITARIAN,331,0.6,29213.65012616093,127882.52021957251
PRIORITARIAN,332,0.6,24891.47404955956,132339.87784297482
PRIORITARIAN,333,0.6,23801.18814799341,132697.19849005493
PRIORITARIAN,334,0.3,34876.86514444887,81807.66800406207
PRIORITARIAN,335,0.3,35989.227647915664,14512.791836482358
PRIORITARIAN,336,0.6,24305.91512512036,133178.15323727013
PRIORITARIAN,337,0.3,35905.66276965768,15419.846274538166
PRIORITARIAN,338,0.3,34965.36629579124,85150.15231923097
PRIORITARIAN,339,0.2,36328.8398607897,13521.444159170536
PRIORITARIAN,340,0.4,35680.803112664,15480.107587418162
PRIORITARIAN,341,0.6,22872.90014727249,134367.6025089091
PRIORITARIAN,342,0.6,23691.559405750653,133623.25295250307
PRIORITARIAN,343,0.2,36491.03619156309,13168.644131486515
PRIORITARIAN,344,0.5,34505.07994453261,91305.82383135204
PRIORITARIAN,345,0.6,22637.38923552467,134573.16442385298
PRIORITARIAN,346,0.6,33051.127529679274,93382.05833363584
PRIORITARIAN,347,0.6,28817.59924149173,127888.57445696232
PRIORITARIAN,348,0.2,36313.07898945366,13610.338205669115
PRIORITARIAN,349,0.6,23842.58138896833,132487.9199459285
PRIORITARIAN,350,0.3,34850.07119355758,85265.60447494817
PRIORITARIAN,351,0.6,32355.283061891783,95748.8312366931
PRIORITARIAN,352,0.2,36062.30923326575,13810.182944363052
PRIORITARIAN,353,0.6,28509.81193752704,128202.87717039784
PRIORITARIAN,354,0.6,29831.61186062365,127206.7170415041
PRIORITARIAN,355,0.6,28936.111018513948,127546.34833408007
PRIORITARIAN,356,0.2,36256.55125595859,14061.922548666444
PRIORITARIAN,357,0.4,34638.76199661162,88111.25592841326
PRIORITARIAN,358,0.6,26561.804900557283,131542.09106347882
PRIORITARIAN,359,0.3,35284.92714363714,44849.85453276447
PRIORITARIAN,360,0.4,34598.18930411573,88189.68503599332
PRIORITARIAN,361,0.3,34897.78891824608,81697.50952871304
PRIORITARIAN,362,0.6,28942.06226396108,127928.42491426672
PRIORITARIAN,363,0.6,33524.995116812504,94913.9010771836
PRIORITARIAN,364,0.6,24068.89765916379,133321.7574805639
PRIORITARIAN,365,0.3,35969.35202691378,14655.363282849596
UTILITARIAN,0,1.0,3620.277979375028,26006.78954272304
UTILITARIAN,1,0.3,3651.466960037799,10815.627596474484
UTILITARIAN,2,0.2,3652.082587592713,10796.119229031596
UTILITARIAN,3,0.2,3655.27881009005,10801.213629244556
UTILITARIAN,4,0.4,3644.135181474112,10855.788113725715
UTILITARIAN,5,0.6,3641.1775496685104,10895.875673627192
UTILITARIAN,6,1.0,3622.853107441009,14904.947024127854
UTILITARIAN,7,0.2,3650.52468573091,10811.59209922868
UTILITARIAN,8,0.4,3644.750275444728,10855.353348047114
UTILITARIAN,9,0.7,3635.3078889705416,10995.457612758742
UTILITARIAN,10,0.9,3630.858330544368,11117.61449185409
UTILITARIAN,11,0.2,3652.757715196887,10797.525965596831
UTILITARIAN,12,0.2,3653.248486322773,10810.950167703417
UTILITARIAN,13,0.6,3640.021601163404,10907.43624471758
UTILITARIAN,14,0.4,3645.004500162194,10858.317449368238
UTILITARIAN,15,1.0,3623.322100184616,13368.453120031418
